length,width,height,label
7,7,49,B
20,13,75,B
29,2,81,A
15,6,39,A
11,9,71,B
8,4,30,B
29,9,21,A
21,2,1,A
7,2,89,B
26,9,32,A
19,12,8,B
23,7,69,A
11,7,30,B
11,1,8,B
24,13,19,B
21,11,59,B
4,6,55,B
8,13,30,C
24,7,79,A
3,11,36,C
22,14,55,B
21,6,44,A
2,6,27,B
24,2,77,A
12,6,78,B
6,4,54,B
2,9,48,B
28,12,30,B
21,1,39,A
1,13,13,C
12,8,16,B
26,5,44,A
22,1,71,A
29,4,27,A
12,1,45,B
25,6,35,A
17,2,79,A
27,5,28,A
27,7,99,A
10,2,7,B
28,6,62,A
28,6,51,A
16,5,46,A
15,5,20,A
15,14,96,B
19,3,38,A
12,10,61,C
23,10,32,B
20,11,26,B
25,12,58,B
3,2,39,B
5,7,20,B
19,1,82,A
7,6,50,B
21,6,79,A
9,3,52,B
7,2,86,B
18,12,22,B
4,2,53,B
25,14,85,B
28,13,66,B
14,9,43,B
18,11,82,B
26,5,23,A
9,7,77,B
26,12,64,B
21,5,9,A
2,7,7,B
20,13,41,B
28,4,54,A
15,8,65,A
28,13,2,C
7,11,4,C
12,14,78,C
29,10,32,B
8,13,2,C
15,11,64,B
3,10,14,C
14,7,20,B
17,10,89,B
4,5,49,B
18,11,8,B
8,6,92,B
4,5,63,B
2,7,46,B
6,12,21,C
22,2,87,A
10,5,32,B
4,10,8,C
22,3,95,A
29,9,16,A
18,13,40,B
26,6,27,A
12,13,18,C
2,10,35,C
10,3,52,B
4,7,15,B
14,4,63,B
16,14,53,B
15,3,91,A
8,8,81,B
14,13,66,C
23,4,31,A
28,11,61,B
25,1,64,A
8,6,98,B
21,10,34,B
16,11,55,B
13,11,59,C
18,1,3,A
15,5,17,A
21,7,78,A
24,6,78,A
26,14,46,B
25,2,38,A
28,11,35,B
28,4,1,A
28,11,29,B
13,2,4,A
9,11,61,C
29,1,97,A
15,3,17,A
13,3,28,B
1,12,50,C
25,7,90,A
7,1,8,B
9,9,34,B
24,11,59,B
1,6,18,B
12,4,95,B
8,3,59,B
24,3,27,A
11,2,16,B
19,2,10,A
17,14,76,B
8,12,22,C
3,13,16,C
3,10,12,C
1,5,75,B
27,9,84,A
5,2,51,B
10,2,1,A
7,12,27,C
26,6,67,A
9,13,12,C
28,10,30,B
7,2,9,B
9,12,53,C
8,4,61,B
12,6,54,B
2,5,37,B
1,1,65,B
16,6,42,A
23,1,49,A
23,3,4,A
24,10,64,B
5,5,79,B
3,14,51,C
12,10,91,C
8,13,72,C
22,5,60,A
27,13,87,B
3,10,79,C
1,6,91,B
3,12,31,C
5,10,72,C
15,8,94,A
14,5,58,B
3,14,82,C
1,11,4,C
5,1,22,B
26,5,3,A
23,3,79,A
14,4,99,B
7,13,47,C
27,8,38,A
9,7,33,B
15,11,78,B
15,5,48,A
26,2,65,A
10,6,26,B
28,11,8,B
13,6,50,B
19,10,80,B
7,10,38,C
17,14,10,B
20,11,42,B
29,6,37,A
4,14,26,C
5,9,92,B
23,11,12,B
7,8,84,B
13,8,49,B
15,1,14,A
11,5,46,B
29,7,35,A
4,6,29,B
13,5,12,B
7,8,82,B
27,3,44,A
19,6,66,A
22,5,2,A
28,8,59,A
2,4,17,B
10,8,10,B
13,10,18,C
25,14,22,B
21,2,83,A
6,9,58,B
28,13,53,B
28,9,1,A
12,14,88,C
12,10,61,C
20,10,89,B
11,13,31,C
26,6,31,A
23,4,66,A
28,4,19,A
25,13,53,B
7,6,76,B
1,5,74,B
1,6,95,B
25,7,22,A
27,7,23,A
25,9,87,A
20,8,15,A
13,13,26,C
9,6,3,A
3,12,87,C
7,6,20,B
6,14,40,C
8,5,39,B
27,1,72,A
9,9,18,B
5,9,41,B
1,9,70,B
19,11,27,B
10,8,15,B
12,13,37,C
24,10,58,B
15,13,5,B
27,3,73,A
22,1,7,A
24,11,41,B
9,12,84,C
20,12,10,B
17,8,62,A
17,7,26,A
26,13,68,B
20,5,24,A
12,10,78,C
7,7,41,B
2,10,65,C
3,4,17,B
17,9,24,A
5,11,27,C
17,10,7,B
24,14,73,B
17,2,99,A
27,9,12,A
17,9,85,A
2,5,3,A
2,11,79,C
28,1,85,A
22,7,10,A
23,10,33,B
5,10,46,C
1,4,59,B
1,9,52,B
19,6,6,A
2,13,2,C
21,3,29,A
12,6,40,B
26,13,97,B
6,10,61,C
23,6,68,A
4,5,68,B
23,2,29,A
11,10,62,C
24,10,60,B
27,2,84,A
17,7,41,A
6,2,87,B
24,12,82,B
5,6,89,B
20,5,65,A
2,4,64,B
6,7,79,B
22,8,63,A
11,4,98,B
16,1,48,A
16,1,20,A
1,1,37,B
9,11,64,C
28,1,91,A
27,5,86,A
6,4,5,B
16,13,34,B
29,14,39,B
3,9,67,B
20,3,81,A
28,14,62,B
27,7,88,A
4,11,24,C
19,8,3,A
26,6,71,A
3,12,89,C
19,13,67,B
20,10,79,B
7,13,93,C
20,1,50,A
9,8,29,B
1,10,74,C
8,3,32,B
7,8,87,B
18,12,39,B
8,4,9,B
1,8,14,B
11,11,68,C
28,1,64,A
25,3,20,A
25,6,28,A
18,9,14,A
23,2,44,A
10,11,98,C
3,1,77,B
7,10,95,C
28,3,97,A
16,4,39,A
26,11,28,B
16,5,64,A
25,3,89,A
20,13,32,B
28,10,9,B
17,11,28,B
2,2,95,B
1,2,17,B
16,7,87,A
12,9,77,B
5,10,55,C
5,2,10,B
27,7,80,A
23,7,6,A
9,11,48,C
9,7,75,B
3,3,67,B
19,12,92,B
16,7,41,A
16,1,79,A
3,10,60,C
20,1,77,A
24,5,42,A
22,2,81,A
24,9,71,A
1,7,28,B
24,4,13,A
20,4,81,A
11,2,15,B
17,5,36,A
8,4,92,B
4,12,15,C
6,13,75,C
8,1,56,B
20,12,95,B
3,8,4,A
16,3,99,A
25,14,98,B
3,6,52,B
25,4,91,A
29,9,10,A
18,7,94,A
14,9,45,B
18,10,84,B
2,3,29,B
22,1,53,A
3,5,29,B
16,3,23,A
29,6,57,A
9,8,50,B
4,11,21,C
1,13,43,C
4,4,10,B
1,5,76,B
14,5,30,B
21,4,51,A
16,4,33,A
20,4,18,A
24,4,78,A
8,4,22,B
7,5,64,B
3,2,21,B
17,2,1,A
1,9,15,B
16,2,36,A
12,6,47,B
27,2,54,A
19,5,86,A
22,4,32,A
23,12,58,B
22,7,46,A
14,7,54,B
6,13,33,C
6,6,39,B
13,10,23,C
19,5,43,A
22,1,55,A
8,12,2,C
27,3,66,A
27,9,38,A
2,14,29,C
21,1,67,A
1,5,71,B
28,2,36,A
15,4,29,A
1,14,37,C
5,14,87,C
28,11,45,B
29,1,16,A
16,3,31,A
19,10,34,B
4,7,50,B
3,10,65,C
17,3,82,A
17,4,62,A
12,2,43,B
28,3,56,A
29,9,15,A
14,3,48,B
21,11,49,B
6,5,81,B
3,2,44,B
28,4,10,A
9,12,20,C
5,13,70,C
24,7,8,A
29,14,45,B
17,7,34,A
14,12,96,C
21,3,51,A
3,5,4,A
28,1,39,A
1,10,84,C
20,10,24,B
29,10,88,B
21,11,55,B
23,1,26,A
1,5,25,B
3,13,36,C
18,10,71,B
25,9,74,A
10,1,58,B
22,1,12,A
26,4,1,A
3,4,50,B
8,2,25,B
14,9,80,B
24,14,5,B
18,9,83,A
15,13,68,B
22,13,6,B
23,2,26,A
2,14,55,C
27,9,39,A
10,6,9,B
2,8,45,B
26,10,14,B
17,13,55,B
8,13,9,C
1,4,15,B
9,2,37,B
11,2,50,B
22,9,84,A
16,1,72,A
7,12,96,C
29,7,21,A
10,11,57,C
23,14,19,B
26,3,93,A
3,3,58,B
18,2,95,A
25,14,6,B
24,10,4,C
13,6,43,B
28,13,93,B
26,10,42,B
7,2,3,A
25,10,1,C
4,4,55,B
13,10,15,C
20,9,47,A
1,9,85,B
8,6,46,B
14,13,58,C
16,4,95,A
14,7,71,B
12,14,81,C
19,1,83,A
23,12,39,B
15,4,3,A
28,5,30,A
2,8,35,B
2,12,57,C
23,2,29,A
22,12,50,B
19,5,62,A
25,6,52,A
26,5,14,A
29,13,35,B
22,9,28,A
26,10,58,B
26,1,30,A
22,14,90,B
17,3,7,A
20,14,39,B
10,2,95,B
6,12,69,C
15,13,35,B
22,3,52,A
11,10,14,C
28,9,63,A
5,13,36,C
1,14,91,C
8,9,24,B
21,10,40,B
28,2,29,A
12,14,53,C
12,3,22,B
5,14,72,C
7,4,15,B
4,9,69,B
6,3,64,B
13,13,4,C
20,7,75,A
15,12,18,B
3,3,42,B
23,7,30,A
8,7,15,B
20,9,70,A
16,2,55,A
13,13,53,C
18,6,16,A
28,9,73,A
10,12,34,C
19,12,27,B
17,2,13,A
24,2,27,A
19,13,73,B
28,14,69,B
26,5,86,A
23,10,31,B
26,10,3,C
5,12,30,C
26,10,21,B
21,8,99,A
23,11,6,B
9,9,92,B
12,2,32,B
21,5,42,A
1,14,62,C
26,7,89,A
26,6,32,A
1,6,99,B
15,7,86,A
2,3,88,B
22,13,39,B
16,3,64,A
25,10,30,B
8,9,63,B
13,14,96,C
21,8,31,A
1,5,87,B
16,6,40,A
29,11,33,B
7,12,63,C
5,10,25,C
22,1,36,A
29,10,24,B
23,12,95,B
3,1,58,B
12,4,39,B
26,2,46,A
16,11,77,B
19,7,10,A
5,2,87,B
22,10,82,B
25,2,32,A
29,5,97,A
14,4,36,B
28,8,28,A
5,4,16,B
15,14,16,B
17,12,18,B
14,6,8,B
20,5,80,A
5,11,75,C
12,14,70,C
16,2,1,A
26,11,62,B
26,13,76,B
16,12,38,B
21,14,92,B
7,8,45,B
4,2,58,B
1,9,81,B
5,9,1,A
23,3,32,A
26,4,8,A
10,8,40,B
22,9,56,A
5,3,63,B
4,5,88,B
2,11,74,C
20,8,74,A
10,3,36,B
26,7,89,A
19,11,57,B
26,8,74,A
1,10,83,C
24,11,45,B
5,14,79,C
13,3,80,B
4,2,2,A
16,10,93,B
24,13,68,B
16,7,50,A
23,12,29,B
2,9,95,B
17,1,81,A
28,3,10,A
27,5,27,A
20,3,15,A
24,1,60,A
12,7,31,B
18,7,21,A
3,10,60,C
28,12,58,B
1,8,41,B
1,5,46,B
29,10,45,B
19,12,26,B
11,5,51,B
5,5,36,B
12,1,52,B
3,10,81,C
1,5,51,B
1,6,3,A
8,13,14,C
10,12,49,C
11,1,77,B
12,11,91,C
29,7,1,A
13,1,57,B
12,11,17,C
14,2,50,B
2,2,98,B
29,5,14,A
19,14,59,B
18,10,81,B
3,13,3,C
23,7,98,A
17,1,40,A
26,10,89,B
8,1,66,B
29,1,34,A
26,6,90,A
10,2,95,B
26,1,9,A
2,6,94,B
19,14,84,B
9,2,21,B
7,6,93,B
4,10,25,C
26,8,44,A
21,2,25,A
18,11,9,B
13,9,62,B
11,8,26,B
29,12,57,B
24,10,37,B
4,1,16,B
25,7,37,A
21,14,76,B
29,13,24,B
25,10,26,B
4,6,20,B
10,14,9,C
5,6,87,B
9,6,29,B
24,6,31,A
3,10,19,C
17,7,20,A
3,12,87,C
16,3,27,A
4,14,94,C
18,6,85,A
17,3,44,A
7,7,35,B
24,7,71,A
23,8,22,A
5,2,74,B
12,9,87,B
17,13,15,B
23,5,94,A
13,9,98,B
23,10,13,B
25,5,4,A
3,7,82,B
9,11,56,C
17,9,23,A
17,4,97,A
20,2,98,A
16,9,34,A
25,13,99,B
22,2,17,A
13,3,28,B
27,10,14,B
19,2,34,A
17,3,75,A
4,6,57,B
12,3,77,B
29,10,97,B
9,8,55,B
19,11,66,B
12,6,98,B
9,7,93,B
7,1,37,B
28,3,68,A
14,3,76,B
20,2,26,A
19,7,61,A
26,9,92,A
15,4,67,A
16,12,84,B
21,5,74,A
5,3,52,B
3,11,18,C
12,9,53,B
25,14,63,B
20,4,53,A
27,5,27,A
21,1,31,A
4,11,91,C
21,12,1,C
23,13,6,B
16,2,11,A
25,12,34,B
7,13,84,C
13,9,63,B
21,2,53,A
10,5,85,B
26,13,85,B
7,8,18,B
14,3,21,B
26,6,19,A
5,4,4,A
3,11,77,C
23,7,82,A
29,10,29,B
11,14,25,C
11,13,56,C
18,3,77,A
15,6,63,A
12,12,27,C
9,10,60,C
10,9,83,B
26,11,49,B
12,10,65,C
17,1,38,A
29,3,83,A
6,2,52,B
7,8,1,A
14,7,40,B
13,2,81,B
8,6,21,B
10,3,86,B
9,8,15,B
18,10,50,B
27,13,48,B
26,3,32,A
2,10,49,C
5,14,68,C
29,9,45,A
5,1,32,B
6,5,4,A
19,3,65,A
8,6,97,B
16,10,71,B
13,2,73,B
1,9,65,B
22,6,80,A
20,7,18,A
17,5,54,A
7,9,47,B
25,1,6,A
13,5,66,B
4,11,9,C
4,10,68,C
6,11,23,C
28,6,43,A
19,7,51,A
29,12,72,B
12,4,25,B
22,12,80,B
7,13,35,C
27,1,17,A
10,11,18,C
26,8,27,A
19,10,15,B
7,4,81,B
3,3,69,B
13,12,80,C
13,7,15,B
18,12,42,B
28,2,34,A
26,8,48,A
20,14,83,B
28,6,8,A
8,7,10,B
29,14,5,B
9,5,48,B
7,9,26,B
1,5,86,B
3,11,23,C
13,5,62,B
28,3,13,A
25,11,9,B
28,1,20,A
17,2,92,A
25,8,57,A
24,1,24,A
1,7,33,B
6,14,20,C
21,14,60,B
6,5,48,B
26,3,64,A
12,12,30,C
13,12,73,C
13,11,17,C
29,7,14,A
15,9,19,A
21,2,71,A
16,8,59,A
22,9,67,A
21,11,97,B
11,3,44,B
28,2,32,A
5,7,11,B
4,5,2,A
3,5,90,B
19,10,68,B
20,5,17,A
25,4,81,A
18,13,92,B
15,5,94,A
9,13,40,C
17,4,87,A
14,13,46,C
15,6,88,A
1,4,93,B
21,2,4,A
22,9,38,A
22,2,63,A
3,9,29,B
16,10,19,B
23,6,91,A
25,9,29,A
11,9,35,B
12,3,70,B
10,1,23,B
16,1,46,A
8,3,44,B
6,5,48,B
12,13,52,C
24,3,8,A
28,12,55,B
21,9,66,A
8,9,77,B
26,3,40,A
28,3,85,A
4,12,31,C
26,14,48,B
8,5,61,B
26,2,52,A
28,6,38,A
18,7,91,A
28,13,36,B
28,9,87,A
5,6,55,B
9,3,85,B
4,12,13,C
27,5,37,A
22,4,47,A
17,5,90,A
9,8,71,B
1,8,22,B
21,6,39,A
20,1,87,A
13,8,58,B
28,8,30,A
16,2,18,A
29,4,18,A
13,12,74,C
14,2,39,B
3,4,94,B
29,12,26,B
6,13,71,C
18,13,7,B
19,10,69,B
5,7,65,B
15,9,46,A
25,14,18,B
2,14,13,C
10,8,25,B
24,12,8,B
18,9,74,A
27,8,32,A
13,2,17,B
5,7,79,B
23,2,79,A
24,13,48,B
1,12,63,C
22,11,40,B
1,2,84,B
18,4,15,A
15,1,99,A
17,5,6,A
11,6,94,B
21,9,63,A
26,10,8,B
25,8,95,A
22,2,32,A
27,1,45,A
27,2,52,A
17,7,79,A
13,4,82,B
1,10,13,C
2,5,24,B
9,12,40,C
3,7,14,B
1,3,92,B
21,10,75,B
16,2,70,A
23,13,62,B
6,7,89,B
28,5,61,A
17,14,1,C
5,1,89,B
5,1,66,B
6,9,32,B
3,5,13,B
21,1,33,A
23,7,32,A
5,9,56,B
21,11,24,B
5,1,91,B
10,10,4,C
10,14,88,C
19,13,23,B
17,4,29,A
21,14,98,B
14,3,21,B
9,5,30,B
14,7,90,B
1,8,20,B
19,13,16,B
13,2,67,B
13,7,49,B
4,14,58,C
1,14,44,C
17,1,25,A
8,7,23,B
2,8,59,B
28,2,1,A
8,9,97,B
7,1,15,B
26,13,81,B
26,6,98,A
2,1,81,B
22,3,52,A
22,11,58,B
3,6,41,B
27,3,44,A
18,8,4,A
12,5,77,B
1,2,68,B
22,4,7,A
12,9,46,B
5,4,9,B
27,10,87,B
25,10,33,B
17,8,33,A
16,5,84,A
15,11,4,C
23,11,65,B
15,10,34,B
5,13,91,C
21,13,85,B
14,14,88,C
2,1,79,B
11,7,99,B
19,3,64,A
7,10,25,C
6,8,55,B
28,14,9,B
2,12,17,C
6,3,21,B
18,1,60,A
2,5,13,B
18,2,3,A
15,11,68,B
27,4,4,A
19,1,92,A
2,9,7,B
20,6,26,A
25,8,75,A
6,11,24,C
1,4,10,B
24,9,13,A
15,2,44,A
28,9,39,A
23,12,19,B
10,5,51,B
19,13,19,B
17,6,76,A
5,3,52,B
29,4,86,A
4,6,47,B
10,7,30,B
24,1,46,A
17,7,76,A
10,1,93,B
17,5,21,A
28,6,75,A
20,13,48,B
24,2,62,A
5,13,58,C
2,10,18,C
6,9,59,B
21,14,91,B
2,10,48,C
13,6,63,B
11,7,12,B
11,14,87,C
16,10,34,B
11,8,61,B
19,11,87,B
15,13,53,B
25,10,25,B
23,1,62,A
23,14,4,C
16,8,94,A
11,4,94,B
22,10,13,B
16,8,42,A
8,13,49,C
4,6,78,B
8,11,56,C
4,9,47,B
24,11,8,B
25,4,55,A
3,2,88,B
3,14,18,C
27,2,35,A
29,5,89,A
18,10,81,B
29,9,32,A
26,12,24,B
19,3,7,A
19,8,13,A
21,4,91,A
5,6,69,B
18,10,90,B
28,6,42,A
10,3,31,B
29,14,74,B
22,5,26,A
21,12,86,B
6,3,76,B
1,11,32,C
5,11,91,C
9,1,97,B
12,7,52,B
26,4,20,A
14,14,40,C
2,7,59,B
17,3,77,A
14,12,14,C
26,11,44,B
13,5,86,B
27,5,82,A
9,13,48,C
26,2,93,A
25,11,43,B
15,10,16,B
25,12,35,B
22,2,53,A
15,4,34,A
24,4,3,A
11,4,68,B
16,6,5,A
29,2,10,A
17,6,52,A
26,7,29,A
4,11,96,C
1,10,31,C
8,3,66,B
17,11,76,B
3,12,91,C
29,8,69,A
20,2,37,A
15,11,27,B
15,8,87,A
24,13,33,B
22,11,68,B
14,5,59,B
26,2,64,A
28,7,85,A
23,14,88,B
14,2,44,B
24,14,95,B
2,6,88,B
13,10,49,C
26,3,53,A
14,9,74,B
27,3,49,A
24,11,66,B
19,12,95,B
7,12,63,C
3,3,25,B
15,5,4,A
23,7,51,A
14,14,11,C
11,8,17,B
15,12,66,B
28,11,70,B
13,7,73,B
18,9,69,A
26,5,84,A
6,10,29,C
3,11,85,C
19,3,73,A
15,6,92,A
25,5,72,A
23,12,95,B
5,4,20,B
28,12,27,B
10,2,8,B
7,7,85,B
25,13,61,B
17,5,28,A
7,4,87,B
22,12,70,B
26,14,3,C
12,8,69,B
25,9,73,A
17,9,7,A
13,3,60,B
20,3,4,A
25,5,5,A
4,5,11,B
10,10,15,C
3,2,64,B
9,1,98,B
13,8,13,B
18,3,7,A
15,1,6,A
4,1,56,B
15,11,64,B
22,2,50,A
2,6,30,B
15,6,22,A
8,14,25,C
8,3,28,B
17,12,84,B
12,4,39,B
19,12,67,B
10,13,5,C
9,2,65,B
5,2,15,B
6,7,90,B
20,13,67,B
26,1,40,A
2,7,98,B
27,14,69,B
24,12,95,B
27,14,77,B
13,12,43,C
6,14,1,C
5,1,22,B
25,14,62,B
1,6,79,B
21,3,26,A
22,8,18,A
21,6,48,A
6,11,9,C
6,2,1,A
23,8,9,A
16,5,23,A
4,8,45,B
11,8,2,A
24,6,14,A
23,2,38,A
9,8,40,B
23,11,63,B
3,6,82,B
19,6,16,A
8,8,93,B
5,1,75,B
4,2,6,B
24,12,3,C
6,12,14,C
2,9,66,B
20,11,96,B
28,12,95,B
11,8,75,B
4,12,86,C
15,7,67,A
6,7,31,B
22,5,33,A
17,2,88,A
24,11,1,C
6,6,44,B
19,10,15,B
25,3,37,A
2,4,27,B
15,13,48,B
11,10,27,C
8,12,12,C
26,11,67,B
19,2,30,A
13,14,96,C
12,2,87,B
5,12,66,C
6,8,7,B
26,8,34,A
22,10,32,B
4,6,39,B
19,13,96,B
20,5,43,A
1,8,43,B
20,4,78,A
17,11,3,C
12,4,46,B
15,5,32,A
1,1,43,B
26,1,81,A
14,2,3,A
6,14,74,C
5,8,63,B
11,7,40,B
4,10,18,C
13,9,67,B
11,5,62,B
3,2,10,B
1,7,52,B
6,8,73,B
18,12,46,B
24,7,55,A
10,14,46,C
5,7,75,B
23,12,60,B
10,14,97,C
12,5,26,B
2,2,27,B
13,6,38,B
8,4,22,B
2,10,26,C
20,2,86,A
1,12,69,C
5,9,35,B
9,7,66,B
17,6,99,A
9,12,73,C
11,5,51,B
15,3,18,A
24,12,43,B
6,10,12,C
23,10,3,C
3,4,82,B
17,3,7,A
5,12,97,C
28,11,6,B
12,8,82,B
18,3,45,A
14,7,86,B
21,7,39,A
24,7,51,A
11,13,9,C
9,7,99,B
2,14,23,C
12,2,12,B
3,10,88,C
3,3,62,B
1,10,73,C
8,9,77,B
22,3,40,A
28,2,54,A
29,9,81,A
8,13,7,C
11,10,17,C
9,9,50,B
5,4,24,B
14,14,2,C
28,12,99,B
3,9,92,B
21,3,83,A
5,7,33,B
5,7,21,B
19,11,74,B
27,8,53,A
14,10,46,C
26,4,45,A
4,3,9,B
25,3,6,A
13,12,51,C
10,5,35,B
25,11,82,B
18,14,53,B
8,1,19,B
8,10,69,C
7,3,25,B
8,14,11,C
14,6,74,B
19,3,17,A
29,5,36,A
6,9,90,B
1,2,95,B
23,11,96,B
15,2,21,A
1,12,18,C
25,6,60,A
17,6,18,A
1,11,1,C
15,11,14,B
23,8,8,A
2,12,66,C
14,13,51,C
21,11,79,B
8,14,60,C
8,2,34,B
19,9,36,A
7,2,62,B
19,13,1,C
6,1,85,B
6,10,42,C
3,2,1,A
7,12,96,C
19,7,84,A
8,8,54,B
10,5,47,B
20,6,39,A
15,12,30,B
15,1,7,A
29,6,22,A
1,12,50,C
20,8,45,A
7,13,74,C
27,3,72,A
4,11,91,C
29,1,10,A
6,11,14,C
25,4,46,A
1,1,75,B
29,14,6,B
5,8,21,B
27,5,62,A
23,1,97,A
1,14,19,C
4,8,88,B
22,9,82,A
2,10,99,C
10,2,62,B
5,9,83,B
27,8,53,A
10,7,24,B
1,3,56,B
22,2,62,A
6,7,34,B
13,5,22,B
15,6,68,A
4,4,57,B
13,2,10,B
24,9,66,A
20,3,8,A
24,12,97,B
15,14,38,B
29,7,62,A
8,14,28,C
5,8,10,B
29,2,45,A
15,14,65,B
4,6,98,B
12,11,67,C
13,8,9,B
2,7,5,B
27,11,10,B
19,3,12,A
19,1,82,A
4,14,58,C
4,6,21,B
26,8,21,A
11,6,65,B
27,5,3,A
5,11,69,C
20,12,89,B
11,8,64,B
10,2,49,B
8,12,72,C
6,1,17,B
6,1,73,B
8,14,32,C
23,4,70,A
15,6,21,A
26,13,7,B
14,9,7,B
11,1,27,B
12,12,8,C
26,1,73,A
13,13,28,C
8,13,79,C
18,5,66,A
25,10,71,B
1,5,47,B
15,5,82,A
8,10,86,C
28,6,10,A
11,8,33,B
12,3,7,B
12,9,3,A
4,13,14,C
16,1,44,A
4,4,46,B
5,9,61,B
24,14,36,B
5,8,13,B
8,10,16,C
10,9,80,B
17,1,5,A
28,9,89,A
26,3,38,A
9,11,50,C
22,12,38,B
19,10,56,B
29,9,63,A
14,1,48,B
8,1,90,B
9,9,59,B
22,11,77,B
11,14,44,C
23,6,90,A
1,4,55,B
14,7,55,B
5,5,1,A
21,10,8,B
26,14,4,C
14,7,85,B
4,8,86,B
22,8,53,A
23,1,58,A
25,8,37,A
1,6,49,B
22,4,67,A
23,13,19,B
19,14,1,C
8,12,29,C
15,8,87,A
21,3,33,A
15,13,52,B
9,4,41,B
21,6,23,A
9,11,5,C
10,7,71,B
20,4,57,A
25,4,6,A
21,7,49,A
26,6,22,A
9,13,77,C
3,11,76,C
20,8,4,A
25,1,72,A
26,10,64,B
11,13,37,C
6,11,31,C
2,7,37,B
7,12,45,C
18,7,90,A
27,11,8,B
2,7,40,B
27,7,97,A
17,10,93,B
11,14,5,C
27,10,28,B
12,8,81,B
27,9,87,A
19,9,9,A
22,2,2,A
24,13,63,B
25,13,96,B
7,7,51,B
20,7,31,A
6,4,7,B
21,9,30,A
24,8,58,A
1,12,3,C
17,1,51,A
29,2,56,A
11,13,73,C
22,13,10,B
26,2,61,A
28,12,50,B
18,12,47,B
21,11,90,B
17,8,1,A
7,1,94,B
17,4,57,A
20,10,38,B
9,12,62,C
17,5,79,A
20,9,89,A
22,7,70,A
22,8,82,A
28,14,65,B
29,11,62,B
8,9,56,B
17,13,67,B
7,7,17,B
1,5,8,B
13,13,60,C
23,5,40,A
19,10,81,B
27,11,89,B
24,6,62,A
19,5,41,A
29,13,12,B
17,12,93,B
13,11,89,C
29,9,54,A
16,3,89,A
8,3,93,B
19,7,11,A
18,7,60,A
1,6,68,B
14,3,78,B
19,14,46,B
15,13,38,B
18,7,61,A
2,5,17,B
22,7,66,A
28,2,72,A
17,6,36,A
18,14,74,B
6,8,7,B
19,1,16,A
4,4,14,B
1,11,80,C
8,1,25,B
29,14,4,C
23,1,29,A
7,10,56,C
3,12,6,C
10,14,1,C
10,14,39,C
19,11,1,C
14,8,63,B
2,7,57,B
28,12,67,B
1,10,65,C
23,13,65,B
23,1,21,A
28,11,30,B
18,14,96,B
7,13,33,C
29,2,48,A
8,4,22,B
1,1,94,B
25,3,54,A
23,8,4,A
3,8,87,B
24,8,55,A
23,6,44,A
27,6,89,A
29,5,12,A
8,13,81,C
22,9,79,A
25,4,74,A
15,10,99,B
5,12,52,C
3,12,93,C
19,12,76,B
1,7,65,B
28,1,65,A
15,9,10,A
8,7,18,B
2,10,47,C
3,12,66,C
24,9,49,A
14,7,72,B
24,2,22,A
14,6,86,B
11,10,26,C
16,12,90,B
4,11,9,C
20,4,21,A
5,3,95,B
22,2,63,A
21,6,6,A
14,8,14,B
23,6,33,A
16,9,71,A
18,14,24,B
7,5,73,B
10,2,75,B
7,8,87,B
1,9,51,B
23,14,2,C
21,10,15,B
19,4,35,A
16,6,36,A
29,11,92,B
19,10,39,B
4,8,4,A
29,9,64,A
28,12,74,B
18,5,6,A
2,12,57,C
1,6,30,B
15,11,99,B
5,4,74,B
20,5,96,A
11,7,67,B
10,9,90,B
2,10,15,C
3,11,17,C
23,13,91,B
23,6,18,A
12,14,19,C
20,6,76,A
5,8,88,B
5,11,69,C
6,4,24,B
9,3,91,B
2,14,48,C
21,7,30,A
12,5,15,B
3,2,47,B
20,2,44,A
26,11,98,B
22,6,27,A
12,8,84,B
24,1,64,A
17,11,41,B
10,6,96,B
24,12,68,B
27,2,5,A
14,2,53,B
23,7,8,A
17,10,22,B
18,1,7,A
19,6,22,A
17,14,46,B
14,7,30,B
9,14,16,C
8,8,79,B
2,7,5,B
13,6,67,B
25,9,23,A
7,13,61,C
9,3,74,B
22,11,5,B
22,6,23,A
11,4,79,B
14,2,82,B
4,1,25,B
26,12,8,B
26,12,95,B
29,14,21,B
13,1,2,A
2,11,22,C
23,10,72,B
5,3,87,B
11,4,96,B
6,2,72,B
18,13,68,B
21,12,64,B
10,11,94,C
4,11,19,C
9,14,87,C
6,11,82,C
2,1,53,B
17,4,93,A
5,7,87,B
25,10,97,B
6,11,52,C
26,6,47,A
12,6,82,B
23,11,54,B
21,9,44,A
10,14,97,C
22,2,7,A
21,4,92,A
27,5,1,A
25,1,63,A
6,8,98,B
27,8,39,A
8,6,19,B
2,12,31,C
12,5,77,B
13,8,24,B
25,3,69,A
21,3,87,A
7,2,83,B
10,5,65,B
13,3,33,B
17,3,59,A
26,6,33,A
21,8,32,A
28,2,59,A
26,4,92,A
14,11,41,C
2,7,12,B
28,1,73,A
22,1,11,A
11,12,97,C
1,13,19,C
19,10,54,B
21,7,57,A
4,14,42,C
19,7,98,A
26,1,71,A
29,1,31,A
21,4,52,A
11,5,2,A
8,5,83,B
11,4,38,B
4,8,32,B
17,7,10,A
27,9,8,A
7,7,90,B
8,10,94,C
3,1,75,B
22,13,20,B
2,14,20,C
23,7,9,A
15,1,72,A
24,7,15,A
22,10,98,B
22,8,88,A
5,11,97,C
24,9,63,A
1,12,91,C
26,3,21,A
4,4,5,B
15,4,35,A
20,12,85,B
19,9,68,A
3,13,48,C
20,7,80,A
11,3,95,B
17,10,90,B
27,5,62,A
13,7,35,B
11,8,70,B
2,1,97,B
9,12,21,C
26,2,80,A
2,7,39,B
21,11,34,B
9,13,15,C
9,14,6,C
8,13,66,C
17,2,88,A
1,7,56,B
25,9,49,A
29,11,92,B
11,2,1,A
8,7,65,B
10,4,28,B
25,11,20,B
7,13,48,C
3,2,72,B
3,13,65,C
18,7,90,A
5,13,51,C
12,5,43,B
12,1,49,B
19,5,25,A
6,12,74,C
2,12,76,C
12,3,41,B
19,7,71,A
5,6,64,B
12,8,61,B
27,13,12,B
27,5,81,A
17,2,69,A
29,9,14,A
17,14,34,B
10,11,48,C
25,8,61,A
23,6,81,A
17,13,35,B
15,10,65,B
12,7,59,B
16,9,36,A
24,7,79,A
19,3,19,A
8,6,42,B
21,11,69,B
17,13,19,B
23,11,39,B
5,7,69,B
22,2,52,A
16,3,12,A
6,4,83,B
8,10,47,C
25,6,76,A
18,1,36,A
25,9,63,A
12,5,76,B
15,13,82,B
27,12,51,B
26,14,43,B
9,7,34,B
13,9,97,B
26,9,49,A
15,1,18,A
10,1,61,B
16,3,57,A
7,6,93,B
17,2,5,A
23,10,89,B
26,12,24,B
21,11,93,B
22,1,64,A
26,1,59,A
7,13,38,C
14,5,33,B
15,4,10,A
21,1,37,A
7,4,97,B
9,3,87,B
19,2,11,A
16,9,24,A
8,14,88,C
18,11,71,B
27,1,21,A
23,7,20,A
29,14,10,B
18,13,89,B
20,4,47,A
7,5,47,B
3,10,15,C
18,5,44,A
27,1,62,A
10,6,6,B
7,13,66,C
17,9,76,A
14,2,4,A
24,7,23,A
3,6,13,B
12,5,81,B
28,4,31,A
13,4,16,B
2,6,41,B
3,4,90,B
5,5,92,B
11,13,1,C
8,6,12,B
26,5,56,A
23,7,50,A
23,9,20,A
12,10,66,C
7,7,36,B
15,7,79,A
24,4,38,A
17,1,22,A
4,14,61,C
29,8,50,A
22,4,96,A
25,1,59,A
13,5,20,B
18,14,36,B
1,14,97,C
16,8,15,A
13,4,62,B
10,13,3,C
12,12,93,C
2,8,91,B
23,8,5,A
3,3,56,B
10,9,31,B
2,3,86,B
27,1,35,A
23,2,71,A
13,6,70,B
13,12,26,C
18,10,1,C
3,2,83,B
27,6,7,A
7,14,36,C
14,1,76,B
20,11,84,B
29,13,87,B
17,1,25,A
29,5,94,A
21,10,59,B
12,13,61,C
25,11,29,B
16,9,95,A
24,14,18,B
12,8,41,B
15,3,19,A
25,3,4,A
10,1,65,B
25,14,41,B
7,3,15,B
20,14,54,B
5,12,64,C
1,12,72,C
17,12,15,B
3,13,79,C
13,11,50,C
14,1,22,B
24,8,18,A
18,1,80,A
4,5,2,A
18,9,36,A
5,7,20,B
25,4,16,A
16,11,67,B
1,9,30,B
21,9,55,A
14,2,66,B
15,10,99,B
9,10,26,C
15,11,57,B
17,12,69,B
25,6,2,A
24,4,56,A
4,8,84,B
12,12,62,C
27,11,34,B
26,7,98,A
5,7,56,B
29,11,55,B
5,10,20,C
11,9,50,B
28,13,25,B
6,5,84,B
7,6,25,B
24,1,53,A
14,6,14,B
24,2,60,A
11,6,43,B
13,9,62,B
2,8,76,B
25,9,69,A
7,13,63,C
20,10,2,C
4,8,54,B
27,3,16,A
8,8,55,B
20,6,94,A
29,13,43,B
22,6,61,A
21,6,38,A
19,3,45,A
13,10,51,C
14,1,42,B
10,12,24,C
11,14,30,C
2,4,37,B
25,10,53,B
26,12,63,B
9,6,11,B
17,11,78,B
26,12,23,B
3,10,80,C
24,2,50,A
6,7,85,B
5,7,55,B
5,11,55,C
22,4,4,A
15,4,97,A
23,1,54,A
17,13,61,B
9,2,78,B
3,9,83,B
20,10,5,B
26,8,95,A
17,8,18,A
29,9,44,A
27,7,31,A
10,13,94,C
3,9,21,B
18,10,47,B
18,12,30,B
17,2,55,A
24,6,68,A
3,3,69,B
3,11,41,C
6,6,45,B
13,3,74,B
24,8,91,A
29,11,80,B
15,13,30,B
25,4,77,A
9,12,85,C
4,10,45,C
14,6,45,B
5,9,79,B
2,2,84,B
11,2,84,B
9,7,45,B
24,2,55,A
3,2,59,B
27,4,5,A
28,9,32,A
29,8,6,A
9,2,94,B
3,8,26,B
25,4,37,A
2,2,13,B
12,11,93,C
10,10,69,C
9,7,25,B
15,6,13,A
8,14,88,C
25,10,95,B
5,5,20,B
11,11,72,C
27,1,60,A
2,2,73,B
24,8,21,A
28,1,61,A
15,3,84,A
6,2,79,B
8,5,26,B
27,4,54,A
5,13,42,C
16,7,11,A
26,5,37,A
18,8,11,A
6,4,27,B
5,12,94,C
28,6,83,A
16,4,34,A
13,2,38,B
28,1,61,A
5,14,87,C
13,14,53,C
17,1,65,A
18,8,3,A
8,14,67,C
13,4,28,B
29,5,14,A
19,11,52,B
26,8,30,A
3,12,58,C
24,7,54,A
8,13,69,C
2,8,15,B
8,13,38,C
27,8,78,A
13,6,14,B
13,10,57,C
1,2,59,B
6,6,8,B
24,14,72,B
19,1,19,A
16,1,32,A
8,11,95,C
28,3,29,A
1,3,41,B
27,11,75,B
27,13,45,B
16,5,13,A
9,1,27,B
13,10,19,C
11,6,26,B
13,7,53,B
25,10,51,B
21,12,37,B
10,13,9,C
4,11,92,C
27,3,96,A
6,4,52,B
28,10,54,B
7,11,3,C
5,10,96,C
11,14,69,C
13,12,8,C
26,10,14,B
25,14,3,C
19,10,24,B
23,10,13,B
10,3,43,B
10,1,29,B
11,8,72,B
21,13,51,B
7,10,42,C
18,10,31,B
4,2,63,B
2,1,26,B
14,14,18,C
13,8,82,B
29,7,57,A
12,7,7,B
7,4,48,B
2,11,80,C
13,9,60,B
14,6,33,B
27,2,3,A
17,14,4,C
9,1,4,A
17,1,42,A
8,9,9,B
2,4,51,B
28,5,17,A
24,3,17,A
13,4,97,B
3,12,20,C
16,8,14,A
6,13,22,C
19,4,52,A
7,9,27,B
10,9,43,B
9,6,3,A
2,2,88,B
28,12,94,B
28,10,8,B
15,11,86,B
5,7,89,B
29,9,10,A
22,6,29,A
4,3,40,B
20,14,65,B
4,7,21,B
18,5,24,A
4,1,73,B
27,3,60,A
17,5,26,A
12,7,9,B
22,3,20,A
17,6,56,A
10,5,99,B
22,13,36,B
1,1,36,B
22,10,73,B
26,6,22,A
24,14,1,C
27,8,69,A
18,13,73,B
18,13,37,B
14,1,83,B
15,2,72,A
29,14,96,B
12,4,13,B
4,12,84,C
27,2,43,A
3,11,37,C
20,9,94,A
29,10,74,B
12,8,95,B
7,8,25,B
29,4,93,A
11,5,88,B
1,4,21,B
6,13,41,C
15,9,73,A
15,13,42,B
19,2,42,A
11,13,2,C
26,11,68,B
23,8,8,A
26,2,96,A
2,1,61,B
14,10,14,C
2,3,77,B
29,9,21,A
4,12,24,C
17,3,50,A
3,9,82,B
13,7,45,B
9,13,64,C
7,10,64,C
15,1,26,A
23,10,32,B
29,5,57,A
29,9,53,A
11,12,33,C
20,3,52,A
2,9,95,B
15,5,18,A
14,9,35,B
20,10,12,B
22,6,51,A
11,9,89,B
27,7,95,A
3,7,10,B
17,8,52,A
12,7,34,B
24,12,67,B
28,9,39,A
29,11,8,B
21,9,96,A
15,6,29,A
16,7,22,A
5,2,84,B
27,9,70,A
20,12,61,B
6,13,43,C
19,1,49,A
25,1,29,A
5,3,81,B
3,12,31,C
27,6,53,A
1,5,34,B
26,2,38,A
28,9,57,A
6,14,4,C
15,13,2,C
2,10,12,C
29,14,35,B
3,4,70,B
17,4,72,A
25,5,21,A
24,8,61,A
12,10,35,C
18,4,48,A
15,5,15,A
12,12,71,C
16,4,15,A
27,14,6,B
8,6,81,B
28,12,68,B
14,3,22,B
25,8,32,A
17,6,22,A
29,10,27,B
21,5,15,A
8,13,44,C
15,2,86,A
27,10,92,B
14,10,9,C
18,7,34,A
20,2,73,A
7,1,15,B
3,7,62,B
29,5,45,A
12,1,84,B
21,4,72,A
24,12,58,B
28,13,92,B
26,4,19,A
3,10,16,C
20,7,75,A
14,9,8,B
15,2,33,A
25,12,74,B
14,14,18,C
7,1,35,B
17,2,43,A
12,7,50,B
20,13,3,C
4,10,91,C
9,6,59,B
6,4,28,B
16,1,46,A
25,13,64,B
28,1,70,A
22,5,47,A
22,1,14,A
21,12,7,B
21,7,74,A
2,13,79,C
24,11,31,B
8,1,93,B
11,1,81,B
13,2,51,B
17,13,29,B
8,14,15,C
21,11,90,B
18,12,76,B
18,10,25,B
14,3,61,B
15,13,41,B
6,11,69,C
11,1,4,A
13,9,57,B
25,10,31,B
1,8,3,A
28,5,67,A
6,13,90,C
9,11,50,C
8,2,17,B
11,5,60,B
22,6,74,A
19,14,66,B
24,1,88,A
9,11,75,C
17,4,24,A
12,9,99,B
25,2,87,A
14,5,32,B
15,1,87,A
16,4,98,A
22,4,19,A
22,6,66,A
28,10,60,B
20,9,66,A
1,3,15,B
10,9,85,B
8,6,35,B
18,7,69,A
28,12,27,B
1,10,88,C
2,2,7,B
1,11,6,C
1,10,33,C
9,14,58,C
13,6,49,B
1,6,17,B
13,2,42,B
20,2,94,A
26,14,72,B
22,2,40,A
7,10,46,C
2,12,71,C
6,1,70,B
7,5,68,B
26,8,1,A
14,2,79,B
26,13,95,B
18,5,89,A
15,12,97,B
2,8,52,B
10,10,35,C
23,14,69,B
12,5,5,B
17,2,17,A
8,3,53,B
11,6,52,B
29,11,14,B
3,11,29,C
27,5,8,A
6,11,98,C
9,4,1,A
6,4,29,B
9,5,36,B
7,2,51,B
9,9,37,B
18,2,93,A
12,10,69,C
8,2,53,B
8,10,96,C
18,14,52,B
28,9,88,A
20,14,83,B
15,3,12,A
27,10,52,B
7,7,1,A
11,4,7,B
20,13,17,B
16,13,98,B
4,6,43,B
6,14,71,C
26,4,17,A
22,10,59,B
26,7,3,A
3,1,29,B
9,3,22,B
28,13,38,B
10,3,54,B
14,1,93,B
11,6,50,B
18,13,69,B
22,11,30,B
12,14,23,C
23,9,85,A
12,8,90,B
13,11,47,C
25,7,21,A
13,10,20,C
19,8,23,A
26,6,68,A
19,9,21,A
23,3,21,A
14,10,1,C
4,10,15,C
13,9,17,B
8,4,51,B
29,7,63,A
23,13,14,B
21,9,59,A
23,2,83,A
19,2,50,A
12,9,34,B
18,12,6,B
6,13,49,C
18,3,6,A
19,9,69,A
22,13,7,B
5,5,97,B
24,6,77,A
9,2,51,B
27,8,1,A
3,11,13,C
28,9,43,A
10,2,27,B
19,6,71,A
3,6,3,A
29,8,58,A
29,10,89,B
22,12,97,B
15,5,17,A
1,9,45,B
7,1,78,B
12,9,58,B
17,10,56,B
21,7,54,A
26,4,87,A
29,3,88,A
24,14,29,B
20,10,54,B
5,11,27,C
4,14,45,C
28,6,87,A
12,12,31,C
20,13,36,B
28,1,81,A
24,3,61,A
18,2,37,A
17,11,67,B
19,13,36,B
9,9,5,B
4,3,46,B
26,13,79,B
21,2,52,A
2,4,49,B
4,14,6,C
2,2,10,B
15,1,96,A
2,6,23,B
4,10,17,C
6,8,84,B
7,10,44,C
10,10,41,C
19,2,15,A
19,14,44,B
26,9,58,A
22,13,86,B
29,3,50,A
12,8,52,B
3,12,70,C
13,8,68,B
18,3,63,A
8,3,58,B
21,12,23,B
15,6,44,A
1,1,83,B
3,4,95,B
26,1,44,A
8,14,52,C
4,3,67,B
16,9,28,A
23,14,67,B
10,14,78,C
12,5,18,B
14,12,27,C
14,5,51,B
2,11,60,C
23,4,74,A
5,3,49,B
5,5,15,B
6,14,83,C
13,11,73,C
9,4,68,B
22,8,15,A
28,4,51,A
29,11,48,B
15,12,72,B
14,8,1,A
24,6,7,A
7,14,53,C
25,12,31,B
20,11,18,B
2,5,12,B
7,4,48,B
6,4,30,B
17,12,97,B
27,4,7,A
25,11,92,B
25,13,3,C
28,13,63,B
2,9,6,B
3,4,95,B
5,12,15,C
5,9,71,B
1,13,43,C
8,10,94,C
12,6,91,B
24,10,81,B
4,13,18,C
13,7,22,B
23,12,61,B
15,10,61,B
11,3,53,B
10,8,26,B
3,3,91,B
22,1,40,A
14,13,88,C
16,13,8,B
10,10,21,C
29,12,93,B
10,5,43,B
12,2,21,B
9,10,3,C
1,14,31,C
5,6,27,B
20,13,27,B
8,10,73,C
11,9,57,B
12,1,97,B
1,14,33,C
25,13,90,B
22,4,92,A
20,1,44,A
28,1,43,A
25,8,31,A
11,14,65,C
5,14,84,C
15,13,76,B
5,14,17,C
12,11,15,C
5,2,34,B
17,1,80,A
17,11,4,C
24,8,72,A
12,4,98,B
24,3,89,A
28,13,79,B
15,12,28,B
15,4,73,A
6,14,2,C
12,11,17,C
27,5,58,A
29,1,74,A
20,14,9,B
18,11,31,B
14,1,66,B
2,3,88,B
9,6,62,B
5,1,19,B
20,14,81,B
26,11,74,B
29,12,55,B
1,2,28,B
23,12,92,B
3,14,50,C
6,7,65,B
5,14,3,C
21,14,79,B
27,1,52,A
5,13,10,C
1,14,21,C
17,7,37,A
19,4,15,A
14,10,87,C
12,14,78,C
10,6,79,B
20,14,74,B
21,8,9,A
18,9,44,A
24,6,39,A
27,12,5,B
11,11,25,C
2,13,56,C
25,14,90,B
18,9,64,A
29,4,72,A
25,6,86,A
7,8,52,B
24,9,89,A
15,3,76,A
11,2,9,B
18,6,10,A
23,4,10,A
12,1,73,B
6,8,62,B
20,9,90,A
23,14,99,B
13,9,91,B
20,2,60,A
16,9,95,A
18,7,19,A
10,5,38,B
28,7,6,A
23,13,15,B
8,9,93,B
18,8,47,A
21,6,45,A
1,13,5,C
23,4,78,A
8,13,53,C
29,1,66,A
6,6,62,B
5,3,23,B
15,6,44,A
22,6,52,A
15,14,46,B
2,4,19,B
1,2,88,B
23,9,84,A
23,2,47,A
26,3,91,A
11,10,52,C
10,1,24,B
18,7,17,A
18,1,89,A
17,11,46,B
26,9,64,A
8,11,95,C
15,11,28,B
8,1,50,B
17,5,64,A
12,7,28,B
27,3,86,A
8,9,56,B
25,8,59,A
14,13,5,C
4,3,54,B
1,5,44,B
1,7,42,B
19,12,72,B
16,14,92,B
14,4,57,B
21,5,47,A
16,3,76,A
5,9,25,B
9,10,44,C
26,9,15,A
28,7,51,A
2,10,53,C
18,2,34,A
6,7,77,B
9,7,8,B
1,11,77,C
9,5,70,B
25,9,96,A
16,13,21,B
13,12,7,C
9,11,90,C
21,3,79,A
13,4,56,B
9,1,49,B
11,6,42,B
4,4,23,B
2,1,52,B
29,2,79,A
6,3,53,B
14,9,16,B
4,13,96,C
6,8,37,B
19,7,18,A
6,13,20,C
2,11,46,C
18,12,2,C
13,14,87,C
9,4,94,B
23,1,63,A
19,8,3,A
13,4,46,B
11,3,49,B
1,9,1,A
24,10,22,B
22,4,93,A
7,4,14,B
25,14,92,B
21,9,85,A
15,13,45,B
1,12,96,C
12,11,6,C
26,12,65,B
7,14,21,C
15,2,4,A
21,14,3,C
19,12,30,B
28,5,31,A
29,4,34,A
25,9,83,A
1,12,20,C
17,5,87,A
17,9,54,A
3,11,25,C
12,9,15,B
6,14,38,C
26,2,23,A
11,14,52,C
3,9,66,B
8,3,57,B
14,4,57,B
14,1,79,B
10,14,52,C
2,1,35,B
14,1,74,B
9,9,14,B
3,11,91,C
21,8,14,A
26,5,99,A
8,5,33,B
16,9,52,A
2,3,1,A
6,3,34,B
28,7,19,A
21,9,24,A
29,6,4,A
26,14,36,B
25,2,77,A
12,1,58,B
5,2,32,B
2,14,9,C
16,14,80,B
5,1,67,B
15,10,20,B
12,10,74,C
4,9,62,B
15,10,58,B
11,12,22,C
16,14,67,B
23,13,75,B
6,8,89,B
14,7,48,B
18,3,8,A
12,8,73,B
27,2,15,A
11,2,32,B
13,11,53,C
21,10,67,B
23,3,4,A
11,7,30,B
23,1,13,A
16,8,21,A
15,12,41,B
21,7,19,A
28,4,48,A
15,14,86,B
25,5,63,A
4,10,20,C
11,13,64,C
19,1,37,A
15,4,31,A
4,1,74,B
21,1,18,A
13,10,20,C
22,1,82,A
19,7,11,A
2,7,86,B
14,4,44,B
29,13,82,B
4,12,64,C
16,2,34,A
21,12,87,B
20,3,65,A
14,8,55,B
27,13,74,B
29,8,1,A
15,11,38,B
28,11,9,B
3,6,95,B
8,10,71,C
16,9,17,A
10,11,99,C
4,12,52,C
18,9,18,A
2,4,63,B
17,12,33,B
13,1,4,A
4,1,87,B
26,12,75,B
25,10,52,B
11,5,9,B
7,14,64,C
12,13,30,C
10,2,8,B
7,6,5,B
13,7,76,B
7,1,63,B
24,6,1,A
17,8,15,A
10,12,89,C
29,5,82,A
10,14,38,C
24,12,42,B
4,7,46,B
20,10,53,B
4,6,26,B
22,4,61,A
7,7,67,B
22,10,54,B
1,9,22,B
12,10,26,C
24,10,83,B
13,13,60,C
10,7,39,B
15,12,36,B
27,14,21,B
13,5,41,B
23,7,48,A
22,3,26,A
22,2,63,A
21,11,77,B
22,5,36,A
28,4,24,A
9,5,90,B
26,8,21,A
9,12,18,C
15,4,15,A
10,9,79,B
24,7,6,A
26,10,43,B
25,13,31,B
29,12,28,B
10,7,8,B
8,13,29,C
24,13,21,B
16,8,81,A
17,12,88,B
26,6,58,A
27,8,60,A
5,3,50,B
4,10,31,C
18,10,47,B
24,14,34,B
19,1,2,A
4,6,67,B
28,1,94,A
7,9,72,B
10,14,52,C
25,2,7,A
18,11,76,B
19,2,19,A
4,7,90,B
10,2,92,B
1,10,15,C
23,8,78,A
18,6,48,A
5,14,14,C
15,7,3,A
17,7,50,A
3,6,93,B
12,10,54,C
2,11,6,C
1,9,49,B
23,13,23,B
21,9,92,A
17,7,78,A
22,9,78,A
16,13,20,B
5,10,77,C
15,3,91,A
3,3,60,B
28,1,99,A
7,5,45,B
11,4,61,B
10,2,56,B
9,9,2,A
14,3,45,B
13,8,40,B
29,6,24,A
25,14,29,B
25,13,67,B
2,5,68,B
3,1,66,B
7,4,84,B
21,3,54,A
18,1,53,A
3,12,79,C
10,5,49,B
22,6,32,A
29,2,61,A
7,14,42,C
9,3,1,A
17,11,63,B
11,14,35,C
7,6,51,B
24,4,71,A
28,9,45,A
14,5,77,B
19,4,65,A
4,2,14,B
26,6,93,A
6,10,3,C
10,2,24,B
7,12,65,C
13,13,48,C
14,7,10,B
4,3,13,B
8,9,73,B
5,11,14,C
1,5,10,B
4,8,40,B
3,11,23,C
9,6,99,B
8,14,55,C
1,12,63,C
27,10,71,B
6,8,42,B
9,13,99,C
7,13,66,C
4,11,79,C
13,12,73,C
17,3,47,A
28,3,81,A
2,5,52,B
28,11,18,B
5,10,79,C
12,3,18,B
27,8,24,A
21,10,23,B
8,13,12,C
6,12,23,C
8,14,21,C
18,8,64,A
3,2,90,B
22,12,72,B
12,4,94,B
29,10,34,B
26,13,2,C
3,1,69,B
22,4,31,A
6,12,97,C
2,13,68,C
23,13,70,B
12,11,87,C
2,13,19,C
6,4,72,B
17,10,13,B
3,9,65,B
2,3,6,B
23,2,71,A
20,9,27,A
8,9,79,B
22,1,52,A
12,6,98,B
26,10,87,B
4,8,48,B
5,3,88,B
13,11,79,C
29,9,99,A
15,2,68,A
25,6,44,A
23,1,17,A
16,13,95,B
10,7,38,B
25,3,10,A
23,7,54,A
16,4,91,A
12,9,6,B
17,5,6,A
16,3,52,A
12,8,15,B
8,6,68,B
20,2,57,A
3,3,56,B
16,8,7,A
13,10,51,C
23,7,58,A
28,10,64,B
19,6,26,A
8,14,58,C
22,1,31,A
5,9,66,B
20,3,92,A
8,14,13,C
24,5,18,A
12,7,94,B
1,7,75,B
25,3,13,A
21,4,24,A
20,10,57,B
6,7,29,B
22,8,56,A
18,2,54,A
8,9,5,B
7,7,35,B
1,13,19,C
21,8,55,A
16,6,77,A
12,6,69,B
6,9,44,B
20,4,78,A
2,11,38,C
29,11,62,B
14,5,22,B
4,9,73,B
1,1,40,B
23,4,26,A
18,7,5,A
13,11,93,C
2,9,54,B
9,14,86,C
21,13,49,B
2,11,3,C
27,12,92,B
25,13,38,B
9,10,14,C
1,6,47,B
11,12,14,C
3,8,75,B
20,13,73,B
23,9,38,A
26,10,64,B
4,4,44,B
18,1,70,A
23,14,65,B
6,8,25,B
3,2,16,B
22,11,15,B
11,1,98,B
15,13,81,B
22,7,3,A
28,12,67,B
5,10,37,C
20,9,81,A
10,11,55,C
12,12,38,C
15,12,63,B
17,9,1,A
10,3,71,B
6,6,90,B
18,7,19,A
13,14,52,C
3,10,30,C
24,9,55,A
10,2,14,B
14,8,13,B
6,14,84,C
3,7,90,B
16,4,27,A
7,2,89,B
20,8,9,A
14,11,41,C
9,5,48,B
15,6,12,A
21,14,10,B
3,11,6,C
2,7,34,B
27,10,52,B
2,1,41,B
3,8,83,B
18,4,6,A
14,13,2,C
20,9,15,A
18,1,17,A
10,11,16,C
25,2,28,A
2,14,85,C
25,6,72,A
29,11,10,B
22,10,10,B
1,11,10,C
4,14,73,C
14,1,28,B
1,4,24,B
14,8,19,B
16,10,97,B
22,5,68,A
14,13,56,C
29,9,67,A
20,11,42,B
3,11,12,C
3,6,18,B
9,1,23,B
6,6,84,B
25,6,6,A
13,13,53,C
21,6,98,A
2,8,42,B
8,6,66,B
21,5,30,A
2,11,9,C
4,2,91,B
25,4,42,A
15,14,34,B
4,10,40,C
13,5,88,B
28,10,17,B
12,4,29,B
28,2,50,A
13,7,76,B
14,10,95,C
20,10,49,B
18,2,73,A
29,1,61,A
28,14,83,B
6,5,46,B
29,12,46,B
11,13,17,C
2,1,66,B
28,1,5,A
23,1,54,A
19,6,16,A
19,9,81,A
5,10,91,C
19,13,7,B
2,11,8,C
10,12,72,C
25,1,87,A
2,5,96,B
11,9,82,B
18,14,38,B
29,9,54,A
24,1,76,A
15,8,15,A
9,1,92,B
23,8,50,A
19,1,56,A
9,12,95,C
3,5,9,B
21,8,8,A
9,6,19,B
28,9,51,A
14,1,72,B
19,9,98,A
7,1,57,B
16,10,68,B
16,10,31,B
28,3,3,A
1,1,99,B
4,3,83,B
4,12,43,C
7,11,29,C
8,13,10,C
17,2,12,A
5,2,46,B
7,9,30,B
28,8,94,A
20,1,82,A
29,12,88,B
20,14,32,B
4,4,73,B
28,13,47,B
6,1,88,B
7,1,63,B
18,12,26,B
5,12,3,C
20,4,23,A
29,2,75,A
3,3,74,B
7,11,50,C
27,9,36,A
28,2,13,A
22,4,29,A
14,1,38,B
7,2,77,B
5,5,90,B
29,14,84,B
22,10,5,B
5,1,20,B
23,11,78,B
2,7,14,B
27,4,8,A
21,6,48,A
22,8,13,A
6,13,24,C
15,6,79,A
21,14,65,B
10,2,86,B
23,1,34,A
26,8,51,A
24,8,3,A
7,9,90,B
5,6,78,B
1,12,58,C
13,1,72,B
21,14,55,B
26,9,80,A
18,12,42,B
13,13,21,C
21,14,10,B
21,3,57,A
18,11,25,B
5,6,56,B
13,10,38,C
4,13,86,C
17,10,61,B
3,11,47,C
17,12,54,B
28,14,46,B
11,9,68,B
21,11,4,C
20,13,94,B
23,3,66,A
21,5,93,A
26,13,43,B
4,14,62,C
2,5,85,B
20,10,85,B
16,7,85,A
28,4,4,A
18,11,65,B
8,4,62,B
3,7,90,B
9,9,2,A
29,11,9,B
20,4,57,A
29,4,45,A
6,6,18,B
10,6,48,B
21,7,42,A
10,1,41,B
13,13,75,C
17,11,89,B
9,14,90,C
17,3,58,A
24,9,42,A
9,6,35,B
9,6,38,B
1,5,67,B
2,11,41,C
28,3,99,A
16,11,50,B
29,5,86,A
1,14,72,C
10,1,79,B
18,3,45,A
26,4,71,A
28,5,19,A
8,10,17,C
21,9,65,A
28,4,93,A
11,3,77,B
23,10,56,B
2,1,93,B
8,13,41,C
27,10,42,B
22,6,6,A
8,7,69,B
17,10,98,B
15,8,75,A
17,12,73,B
28,1,40,A
23,12,41,B
24,4,9,A
13,11,8,C
19,5,44,A
5,2,58,B
12,1,67,B
1,8,13,B
23,6,19,A
5,5,98,B
8,13,96,C
13,9,49,B
8,13,80,C
25,11,82,B
23,13,78,B
11,11,30,C
1,2,66,B
13,10,77,C
19,12,91,B
24,8,59,A
3,11,53,C
24,14,52,B
17,10,81,B
5,13,31,C
20,9,15,A
21,1,20,A
8,7,5,B
26,8,7,A
14,3,18,B
4,14,56,C
11,4,75,B
20,13,96,B
15,3,91,A
19,7,90,A
7,9,45,B
19,3,28,A
28,13,50,B
19,6,2,A
11,8,84,B
26,6,68,A
5,2,77,B
5,13,24,C
22,7,48,A
8,2,45,B
10,2,93,B
6,2,58,B
15,11,36,B
16,1,2,A
28,14,18,B
17,11,49,B
8,1,8,B
8,14,58,C
25,7,15,A
9,13,17,C
2,14,23,C
15,14,66,B
18,14,70,B
3,12,93,C
17,5,27,A
4,11,37,C
4,3,49,B
14,1,64,B
9,11,34,C
9,10,18,C
25,6,64,A
26,11,74,B
23,1,44,A
18,9,17,A
10,2,59,B
21,1,13,A
4,12,52,C
12,7,60,B
27,6,42,A
8,6,91,B
2,14,64,C
22,5,66,A
13,11,34,C
21,4,95,A
16,11,87,B
28,4,71,A
2,3,64,B
11,10,33,C
10,8,12,B
15,7,76,A
17,9,19,A
8,1,9,B
18,7,74,A
23,10,17,B
9,4,50,B
25,7,39,A
8,13,41,C
27,12,10,B
14,1,12,B
28,5,79,A
26,3,95,A
25,5,15,A
18,4,28,A
22,2,4,A
20,11,36,B
20,4,65,A
21,3,98,A
12,13,47,C
19,1,81,A
14,12,39,C
17,10,38,B
24,8,44,A
21,5,51,A
3,4,97,B
26,10,85,B
23,12,26,B
7,5,36,B
17,4,69,A
12,3,97,B
9,5,1,A
15,4,53,A
18,1,6,A
21,12,37,B
13,3,2,A
21,10,69,B
8,10,90,C
14,8,41,B
8,7,51,B
14,2,47,B
7,1,13,B
23,3,76,A
12,5,69,B
11,10,66,C
22,11,59,B
22,12,68,B
11,1,59,B
25,3,91,A
22,3,10,A
28,5,13,A
29,3,2,A
13,13,90,C
18,9,15,A
2,1,46,B
29,4,57,A
21,13,10,B
15,13,22,B
20,10,89,B
27,10,79,B
18,4,77,A
15,1,8,A
19,14,21,B
23,2,85,A
24,11,22,B
12,1,97,B
13,6,45,B
22,3,91,A
11,7,40,B
5,5,22,B
29,9,30,A
1,7,62,B
24,4,73,A
3,5,45,B
22,5,35,A
19,11,82,B
23,5,42,A
29,10,5,B
7,9,27,B
12,10,70,C
15,3,62,A
25,6,32,A
5,8,8,B
15,11,85,B
8,9,18,B
10,13,78,C
26,7,15,A
16,12,26,B
8,3,53,B
1,1,44,B
12,4,32,B
5,13,28,C
3,6,39,B
1,3,32,B
4,14,77,C
8,1,79,B
3,6,18,B
10,14,70,C
2,1,11,B
11,9,32,B
25,11,20,B
10,14,97,C
21,12,40,B
14,1,8,B
7,13,35,C
27,6,69,A
27,1,99,A
2,12,78,C
9,7,21,B
16,3,24,A
13,6,17,B
9,7,18,B
20,1,98,A
4,1,12,B
22,13,16,B
10,5,4,A
26,6,89,A
26,9,34,A
22,14,92,B
12,1,46,B
17,13,75,B
14,4,77,B
14,10,31,C
25,8,25,A
2,10,74,C
21,9,24,A
25,13,65,B
20,3,25,A
11,11,28,C
16,2,36,A
19,4,82,A
23,2,6,A
6,1,66,B
24,12,67,B
19,3,72,A
5,7,95,B
26,13,48,B
4,13,83,C
15,1,70,A
29,2,78,A
4,1,67,B
20,8,48,A
10,5,65,B
24,8,44,A
22,3,94,A
3,13,63,C
26,12,46,B
5,7,19,B
6,8,64,B
21,6,83,A
22,13,73,B
8,13,71,C
7,7,50,B
21,14,63,B
10,12,41,C
6,2,7,B
14,8,9,B
4,5,4,A
28,7,89,A
25,1,49,A
13,5,76,B
20,1,6,A
17,12,82,B
23,13,21,B
7,8,15,B
4,4,67,B
29,4,66,A
14,2,56,B
3,5,68,B
24,1,32,A
5,9,66,B
16,5,29,A
26,6,66,A
23,2,34,A
20,10,27,B
4,10,60,C
24,1,39,A
24,4,44,A
2,7,82,B
18,6,36,A
19,10,19,B
28,1,91,A
28,1,45,A
19,8,84,A
17,4,21,A
14,5,23,B
19,13,94,B
22,7,89,A
24,8,95,A
13,10,27,C
12,7,98,B
26,2,72,A
6,14,19,C
21,4,41,A
4,10,26,C
19,12,28,B
16,1,64,A
13,10,68,C
4,9,95,B
23,3,80,A
17,12,51,B
23,3,74,A
1,10,48,C
18,9,10,A
20,10,73,B
17,3,39,A
27,8,19,A
28,2,64,A
27,14,19,B
15,13,76,B
11,3,62,B
25,2,13,A
28,1,25,A
22,2,89,A
13,8,92,B
1,9,42,B
17,13,39,B
6,2,30,B
4,7,5,B
20,5,81,A
16,3,18,A
15,9,21,A
27,6,86,A
15,11,50,B
6,1,6,B
15,5,50,A
14,7,80,B
28,4,66,A
11,8,1,A
7,10,57,C
9,5,30,B
26,9,58,A
16,9,52,A
5,9,37,B
25,1,48,A
20,2,87,A
29,3,1,A
10,14,19,C
18,4,46,A
3,10,67,C
13,9,2,A
11,10,56,C
17,13,17,B
22,6,92,A
13,1,82,B
6,12,97,C
17,9,79,A
27,6,22,A
13,4,27,B
19,14,55,B
21,4,32,A
19,3,60,A
10,7,83,B
3,3,28,B
14,2,28,B
26,10,74,B
19,8,84,A
5,4,25,B
29,8,85,A
5,1,78,B
20,5,86,A
17,13,26,B
21,9,75,A
10,1,71,B
5,11,17,C
4,13,82,C
6,4,7,B
26,6,56,A
4,10,64,C
7,8,20,B
7,14,38,C
18,3,75,A
3,5,58,B
1,7,16,B
24,1,51,A
25,7,27,A
4,13,51,C
6,12,75,C
9,11,16,C
22,8,87,A
14,8,60,B
28,9,76,A
12,6,40,B
28,12,67,B
25,6,2,A
20,2,48,A
24,3,52,A
25,4,24,A
4,4,93,B
21,8,98,A
24,14,84,B
12,1,82,B
10,10,78,C
22,14,82,B
28,4,2,A
7,11,65,C
3,12,20,C
23,13,34,B
28,11,41,B
14,11,41,C
24,4,75,A
10,1,91,B
16,3,23,A
16,5,38,A
22,6,44,A
10,9,67,B
25,9,62,A
13,9,12,B
6,11,30,C
12,1,95,B
9,12,87,C
13,9,65,B
4,13,41,C
24,8,20,A
11,2,6,B
20,13,75,B
18,11,99,B
26,1,4,A
11,1,93,B
25,12,10,B
21,6,51,A
4,9,93,B
18,7,38,A
1,5,1,A
27,11,8,B
7,2,81,B
6,1,83,B
15,2,63,A
18,1,33,A
24,3,15,A
11,6,31,B
20,13,21,B
24,8,3,A
15,3,66,A
16,10,35,B
7,9,41,B
21,10,59,B
10,5,16,B
26,7,56,A
12,8,45,B
24,3,59,A
14,2,50,B
25,2,85,A
5,5,12,B
26,1,92,A
21,2,12,A
18,13,33,B
5,9,84,B
3,7,49,B
23,6,21,A
26,9,60,A
5,7,52,B
24,14,54,B
17,11,39,B
19,5,49,A
19,9,64,A
25,6,86,A
21,6,26,A
12,11,71,C
25,4,7,A
29,13,72,B
9,12,62,C
1,1,90,B
18,5,88,A
21,11,24,B
4,9,40,B
10,13,76,C
25,8,47,A
7,8,8,B
22,5,54,A
23,12,9,B
1,9,3,A
17,3,54,A
24,3,21,A
29,1,95,A
29,9,48,A
2,6,47,B
28,2,88,A
26,8,68,A
11,12,84,C
9,9,63,B
7,9,16,B
22,2,74,A
17,2,90,A
17,13,93,B
2,7,5,B
6,11,11,C
14,4,29,B
6,13,79,C
2,1,70,B
1,8,48,B
10,2,15,B
21,14,84,B
5,3,34,B
2,5,60,B
22,14,62,B
16,3,2,A
25,7,80,A
2,7,19,B
10,14,98,C
2,2,49,B
16,13,78,B
16,13,88,B
19,7,28,A
29,11,48,B
7,6,96,B
22,10,37,B
12,9,74,B
24,13,49,B
15,9,48,A
8,2,73,B
6,7,88,B
28,5,29,A
27,13,60,B
10,6,29,B
3,1,58,B
19,7,48,A
17,6,23,A
7,4,27,B
21,1,95,A
20,9,7,A
26,4,49,A
4,2,54,B
14,8,68,B
20,2,78,A
22,5,42,A
15,11,74,B
24,6,59,A
8,11,44,C
21,13,98,B
15,8,26,A
22,11,23,B
20,1,73,A
28,1,8,A
14,12,53,C
27,4,14,A
29,5,71,A
9,13,7,C
8,13,9,C
26,9,3,A
28,11,78,B
26,14,17,B
17,7,44,A
2,7,86,B
25,8,46,A
24,5,90,A
3,5,58,B
8,1,28,B
12,14,14,C
1,9,9,B
10,6,26,B
20,9,2,A
3,3,75,B
6,5,81,B
7,2,34,B
20,10,19,B
23,5,39,A
25,13,82,B
27,13,13,B
18,13,5,B
11,14,50,C
19,8,23,A
5,11,88,C
19,2,29,A
11,8,72,B
24,4,26,A
12,10,79,C
10,10,57,C
8,1,1,A
24,13,28,B
28,5,62,A
28,13,47,B
9,1,78,B
4,7,98,B
5,8,59,B
21,3,31,A
8,3,70,B
23,7,49,A
9,4,5,B
15,3,31,A
15,8,37,A
16,3,79,A
14,13,15,C
8,14,52,C
18,7,69,A
10,2,92,B
28,11,97,B
20,11,11,B
6,1,43,B
12,12,70,C
2,6,23,B
7,8,40,B
16,1,63,A
3,13,2,C
13,10,79,C
3,12,87,C
27,9,86,A
18,3,73,A
11,3,47,B
8,4,30,B
6,11,16,C
1,1,59,B
28,9,47,A
1,11,30,C
23,3,9,A
8,13,65,C
5,10,59,C
28,4,64,A
16,1,8,A
11,4,52,B
5,13,18,C
4,1,91,B
6,5,82,B
14,5,96,B
22,14,58,B
19,11,49,B
9,7,32,B
12,14,48,C
11,8,45,B
14,4,54,B
23,7,85,A
16,4,46,A
1,3,96,B
13,6,31,B
23,4,37,A
21,14,16,B
21,3,46,A
13,9,46,B
2,5,78,B
4,13,88,C
28,14,89,B
6,7,61,B
26,12,46,B
27,14,51,B
23,6,62,A
27,10,35,B
5,5,81,B
25,7,42,A
3,11,45,C
1,6,68,B
4,10,75,C
25,2,47,A
20,13,79,B
2,13,30,C
26,13,24,B
5,3,66,B
3,2,43,B
29,12,34,B
28,3,23,A
29,1,61,A
9,8,95,B
20,6,37,A
6,13,13,C
18,2,97,A
6,8,71,B
19,6,96,A
28,7,7,A
12,11,42,C
25,1,38,A
11,7,52,B
2,3,44,B
15,11,64,B
12,12,13,C
12,8,88,B
9,6,28,B
21,4,96,A
24,11,82,B
2,8,98,B
22,9,98,A
3,10,1,C
12,2,43,B
28,6,42,A
26,5,95,A
16,5,50,A
21,10,60,B
28,11,1,C
24,3,51,A
26,12,16,B
1,8,39,B
21,14,15,B
3,8,33,B
20,12,87,B
2,5,53,B
9,8,98,B
19,10,17,B
15,8,89,A
18,3,6,A
26,2,31,A
11,9,69,B
25,2,40,A
23,9,30,A
16,4,69,A
22,12,76,B
17,13,7,B
5,2,13,B
12,10,4,C
11,1,50,B
15,4,3,A
27,9,12,A
3,12,65,C
1,9,27,B
20,4,50,A
29,9,77,A
16,12,17,B
2,6,72,B
2,1,32,B
3,10,84,C
8,13,51,C
24,14,17,B
28,6,34,A
15,9,35,A
7,13,99,C
6,2,24,B
9,6,54,B
20,2,18,A
28,4,50,A
1,8,46,B
8,13,48,C
23,7,33,A
23,11,87,B
3,12,89,C
4,13,27,C
26,9,1,A
25,7,85,A
15,1,59,A
6,2,10,B
15,6,95,A
21,7,25,A
3,3,84,B
25,9,57,A
21,13,66,B
21,7,15,A
14,14,28,C
20,6,13,A
14,13,14,C
4,6,66,B
12,1,34,B
17,13,99,B
7,5,25,B
9,10,54,C
3,3,79,B
28,7,12,A
13,10,9,C
15,3,31,A
18,5,78,A
19,7,93,A
1,14,53,C
6,3,43,B
27,13,38,B
27,13,42,B
23,10,72,B
27,2,48,A
27,6,67,A
2,8,66,B
24,4,16,A
14,9,83,B
6,12,94,C
14,12,16,C
4,8,31,B
21,7,58,A
8,14,28,C
3,7,4,A
19,3,10,A
14,14,51,C
27,6,18,A
20,13,47,B
17,13,32,B
25,5,30,A
8,1,36,B
24,11,9,B
14,3,36,B
26,13,29,B
6,12,16,C
23,1,92,A
22,4,21,A
16,10,64,B
25,3,66,A
19,11,59,B
14,4,99,B
19,9,28,A
3,3,55,B
10,12,31,C
19,6,33,A
9,6,87,B
28,7,60,A
20,9,41,A
13,12,81,C
7,7,46,B
14,14,49,C
9,1,65,B
27,8,42,A
28,5,23,A
23,9,27,A
25,10,89,B
28,13,32,B
19,12,83,B
15,5,88,A
20,5,3,A
14,12,60,C
24,12,76,B
6,14,99,C
21,2,79,A
29,12,17,B
4,11,32,C
8,3,7,B
17,10,83,B
9,9,71,B
1,7,69,B
24,1,58,A
20,3,40,A
25,12,85,B
14,2,48,B
11,1,51,B
21,9,57,A
3,8,71,B
9,5,37,B
27,11,87,B
14,12,75,C
9,2,74,B
4,1,85,B
27,7,55,A
4,13,41,C
28,11,97,B
8,11,20,C
2,2,33,B
9,1,40,B
29,2,99,A
14,7,34,B
22,7,62,A
9,10,91,C
24,6,19,A
23,5,43,A
16,3,69,A
29,14,63,B
17,12,93,B
16,3,10,A
12,11,13,C
3,13,93,C
11,12,5,C
14,9,58,B
18,4,59,A
21,9,76,A
21,4,59,A
5,2,77,B
16,4,86,A
20,6,15,A
5,6,77,B
3,5,1,A
12,1,38,B
1,3,53,B
21,5,52,A
29,6,1,A
9,14,11,C
29,1,58,A
9,14,40,C
4,14,86,C
3,9,99,B
17,14,60,B
2,3,44,B
24,10,6,B
1,13,28,C
8,3,31,B
13,11,8,C
23,2,5,A
15,8,54,A
8,13,17,C
12,3,38,B
22,6,9,A
12,2,74,B
14,7,84,B
15,13,78,B
15,4,14,A
9,9,26,B
19,14,93,B
26,10,62,B
20,9,91,A
29,7,25,A
22,12,80,B
8,8,36,B
21,3,98,A
19,11,80,B
6,5,33,B
20,2,3,A
25,10,87,B
29,7,11,A
19,13,58,B
4,8,64,B
23,9,18,A
7,11,47,C
28,11,44,B
28,7,93,A
4,10,59,C
22,10,50,B
12,13,69,C
13,8,88,B
3,12,29,C
22,9,93,A
12,6,90,B
2,12,67,C
24,12,2,C
2,10,25,C
27,2,19,A
23,2,40,A
9,4,2,A
1,9,83,B
8,7,65,B
23,2,62,A
6,8,91,B
6,11,54,C
22,7,45,A
25,9,49,A
18,8,99,A
17,3,69,A
29,1,38,A
12,2,4,A
6,14,17,C
26,13,53,B
27,2,85,A
8,4,53,B
19,6,31,A
28,4,22,A
10,9,11,B
1,4,34,B
25,6,15,A
29,6,10,A
13,10,96,C
17,11,53,B
3,10,48,C
8,1,31,B
14,8,37,B
3,12,28,C
16,3,31,A
13,13,70,C
20,6,14,A
24,3,87,A
17,11,16,B
13,2,25,B
29,5,39,A
6,14,66,C
17,1,38,A
14,9,41,B
17,11,98,B
8,7,40,B
11,3,64,B
20,4,89,A
28,13,16,B
1,6,82,B
26,3,77,A
7,12,59,C
21,7,91,A
21,13,98,B
17,6,11,A
10,9,1,A
11,12,13,C
22,5,30,A
9,4,69,B
9,3,18,B
24,10,78,B
5,1,13,B
17,3,32,A
9,3,71,B
17,7,72,A
24,7,50,A
21,13,71,B
19,12,80,B
27,1,31,A
7,3,51,B
23,13,27,B
9,8,60,B
7,9,33,B
13,7,53,B
11,7,93,B
14,12,72,C
19,11,33,B
11,8,41,B
13,6,19,B
14,11,85,C
13,3,41,B
1,1,85,B
8,7,89,B
12,1,42,B
19,1,23,A
12,9,75,B
8,13,33,C
8,10,20,C
29,7,25,A
21,13,90,B
13,11,52,C
12,13,12,C
29,4,32,A
16,6,33,A
1,1,74,B
13,7,68,B
26,12,15,B
7,6,51,B
28,4,6,A
26,7,91,A
5,3,69,B
8,1,69,B
25,4,82,A
27,3,92,A
14,1,35,B
23,2,86,A
13,11,34,C
15,5,63,A
23,8,68,A
17,1,18,A
15,4,26,A
20,14,86,B
18,4,97,A
18,5,61,A
2,7,78,B
4,13,95,C
1,12,74,C
4,8,88,B
18,6,85,A
5,1,48,B
19,7,72,A
15,3,96,A
28,13,31,B
8,13,34,C
20,13,87,B
17,6,89,A
1,8,7,B
12,7,83,B
26,10,7,B
19,6,47,A
15,9,8,A
9,9,78,B
7,1,1,A
2,1,77,B
29,1,3,A
9,8,53,B
10,12,92,C
2,13,38,C
19,14,51,B
11,12,15,C
13,14,67,C
10,10,64,C
14,7,68,B
18,3,5,A
19,13,90,B
22,2,89,A
9,4,10,B
25,3,8,A
7,7,12,B
28,10,64,B
3,8,59,B
20,6,67,A
6,3,91,B
27,6,50,A
21,2,23,A
2,12,40,C
29,7,97,A
6,14,78,C
3,11,87,C
16,10,95,B
8,14,77,C
2,7,76,B
17,4,99,A
9,13,18,C
12,8,21,B
3,4,1,A
11,7,38,B
1,4,41,B
23,13,42,B
13,12,9,C
15,5,23,A
26,7,78,A
5,13,11,C
21,14,71,B
17,14,31,B
25,13,88,B
23,10,26,B
24,3,30,A
25,10,34,B
6,5,46,B
28,11,69,B
21,14,5,B
22,3,61,A
11,5,83,B
18,14,38,B
4,3,28,B
3,11,26,C
13,10,61,C
23,11,23,B
9,7,46,B
21,13,30,B
6,1,67,B
26,9,92,A
28,9,33,A
12,5,3,A
2,9,69,B
3,10,83,C
3,13,42,C
28,6,62,A
12,5,58,B
15,13,57,B
9,3,1,A
23,11,73,B
8,11,60,C
11,8,69,B
16,4,59,A
26,10,46,B
27,13,34,B
25,13,97,B
22,3,25,A
4,13,42,C
28,6,29,A
1,8,25,B
24,13,54,B
7,9,73,B
2,14,67,C
24,6,15,A
28,5,4,A
5,12,38,C
7,11,20,C
4,2,23,B
5,2,37,B
24,9,62,A
1,2,8,B
1,2,37,B
15,3,45,A
20,3,97,A
19,4,33,A
29,7,7,A
10,9,22,B
28,2,5,A
18,4,15,A
28,9,21,A
3,14,89,C
11,2,17,B
15,10,56,B
27,11,50,B
11,13,7,C
17,1,50,A
17,10,60,B
6,8,83,B
5,9,7,B
8,7,40,B
2,8,45,B
16,4,59,A
20,4,88,A
24,13,75,B
12,2,55,B
6,8,64,B
1,11,65,C
4,2,54,B
17,9,96,A
13,14,40,C
18,4,53,A
5,1,44,B
24,13,63,B
24,4,2,A
27,3,79,A
3,12,21,C
11,6,88,B
13,7,50,B
4,8,81,B
26,2,52,A
27,6,9,A
14,6,99,B
22,10,20,B
11,12,83,C
27,5,18,A
10,10,84,C
19,10,30,B
18,7,65,A
6,3,24,B
27,4,88,A
29,10,47,B
15,13,83,B
21,9,94,A
10,4,90,B
5,3,44,B
26,14,29,B
29,2,77,A
5,5,68,B
10,4,17,B
28,13,97,B
5,13,5,C
3,8,92,B
23,7,88,A
6,6,81,B
4,11,50,C
18,12,40,B
28,2,46,A
9,3,51,B
17,10,11,B
29,9,12,A
13,13,13,C
27,9,64,A
15,5,8,A
20,14,65,B
17,3,9,A
13,2,92,B
16,8,2,A
22,6,78,A
4,10,13,C
5,11,2,C
5,12,68,C
9,7,76,B
17,1,48,A
13,1,74,B
2,10,3,C
13,2,68,B
22,10,6,B
21,3,87,A
27,12,5,B
23,1,3,A
19,14,10,B
3,5,43,B
10,3,19,B
2,1,14,B
13,8,21,B
19,12,43,B
26,11,28,B
17,6,21,A
21,9,36,A
14,3,24,B
12,9,54,B
21,9,38,A
12,12,17,C
11,13,22,C
7,12,83,C
4,1,45,B
19,3,74,A
1,6,61,B
28,8,11,A
24,4,61,A
29,5,38,A
3,9,66,B
13,6,33,B
15,12,43,B
2,7,31,B
11,7,35,B
4,4,37,B
19,4,47,A
29,4,23,A
17,14,36,B
3,11,40,C
28,5,90,A
18,5,89,A
8,8,81,B
22,9,15,A
25,2,37,A
24,11,4,C
26,7,22,A
19,1,81,A
5,1,22,B
7,4,81,B
21,10,78,B
8,7,78,B
28,2,17,A
5,11,72,C
17,2,98,A
5,1,90,B
4,10,94,C
22,2,86,A
19,13,80,B
27,7,94,A
21,9,80,A
2,6,38,B
11,10,24,C
22,2,99,A
13,12,6,C
15,10,68,B
12,10,82,C
22,13,6,B
21,9,26,A
22,7,91,A
11,11,41,C
7,1,75,B
28,12,38,B
5,9,80,B
17,2,83,A
24,4,43,A
20,9,53,A
9,4,15,B
14,3,90,B
26,1,56,A
12,7,56,B
6,6,31,B
17,10,83,B
19,4,57,A
19,6,51,A
26,6,24,A
16,13,58,B
12,4,73,B
12,14,87,C
20,13,4,C
6,6,10,B
23,10,63,B
26,11,73,B
4,8,83,B
6,13,15,C
11,3,98,B
1,4,63,B
24,10,19,B
23,13,63,B
15,12,56,B
27,14,21,B
11,1,34,B
25,4,17,A
19,11,18,B
18,10,81,B
17,10,66,B
19,12,51,B
21,14,65,B
14,9,43,B
27,8,57,A
18,11,10,B
28,4,37,A
19,12,48,B
15,7,69,A
15,10,56,B
4,3,76,B
7,9,36,B
13,10,31,C
3,4,55,B
16,2,38,A
9,10,73,C
8,5,90,B
20,2,15,A
13,14,16,C
17,10,77,B
17,6,89,A
17,11,94,B
1,10,53,C
8,1,56,B
19,14,7,B
6,6,57,B
3,4,55,B
27,3,52,A
5,2,4,A
13,7,43,B
15,9,40,A
14,12,30,C
29,3,10,A
23,6,94,A
16,9,7,A
18,2,36,A
22,7,35,A
29,5,88,A
22,5,39,A
11,11,36,C
3,7,20,B
22,9,49,A
10,4,96,B
10,9,59,B
21,14,49,B
16,13,90,B
12,11,26,C
2,10,36,C
9,9,43,B
24,13,99,B
3,4,43,B
24,3,99,A
25,2,76,A
15,9,33,A
3,12,78,C
19,2,97,A
18,6,45,A
8,5,45,B
26,14,88,B
17,5,15,A
8,4,95,B
7,6,17,B
7,5,12,B
3,11,22,C
1,4,23,B
4,13,90,C
25,9,78,A
5,13,12,C
1,6,68,B
15,11,51,B
5,10,13,C
13,10,57,C
8,13,55,C
8,10,82,C
5,13,28,C
28,3,44,A
9,10,19,C
1,6,46,B
4,14,3,C
3,1,83,B
2,5,20,B
8,10,25,C
23,6,75,A
9,11,56,C
2,8,81,B
14,11,61,C
14,9,55,B
4,11,35,C
6,3,78,B
11,2,59,B
3,13,39,C
8,4,57,B
3,8,83,B
14,11,67,C
28,8,34,A
13,3,41,B
13,4,22,B
2,3,27,B
13,10,21,C
29,2,41,A
19,4,31,A
27,6,27,A
6,11,37,C
16,14,66,B
2,11,54,C
8,5,9,B
17,3,83,A
23,2,42,A
2,9,36,B
10,1,10,B
28,9,59,A
16,1,40,A
6,14,54,C
28,7,39,A
2,6,7,B
2,7,4,A
26,3,15,A
13,14,76,C
24,3,48,A
15,13,6,B
28,11,73,B
2,1,35,B
7,4,72,B
3,12,71,C
8,2,68,B
23,10,58,B
14,8,77,B
24,3,19,A
23,7,62,A
27,7,71,A
22,12,10,B
29,9,25,A
7,6,44,B
21,1,99,A
7,8,58,B
1,1,25,B
17,3,93,A
9,11,76,C
21,5,40,A
13,8,76,B
21,9,70,A
19,7,10,A
21,9,66,A
19,11,25,B
25,3,71,A
25,13,87,B
22,5,11,A
17,10,36,B
23,8,49,A
23,12,48,B
10,1,87,B
10,8,7,B
4,7,91,B
8,1,77,B
22,13,51,B
20,13,17,B
20,10,32,B
18,12,26,B
14,10,22,C
18,12,13,B
28,6,12,A
14,1,71,B
20,2,1,A
21,5,33,A
24,2,14,A
15,14,64,B
22,10,43,B
4,1,58,B
13,6,41,B
27,8,81,A
23,8,68,A
8,13,39,C
18,13,1,C
12,8,41,B
23,11,45,B
14,6,88,B
2,11,98,C
18,3,98,A
24,1,88,A
2,2,79,B
11,5,81,B
9,13,13,C
12,10,71,C
17,5,9,A
15,10,63,B
25,14,99,B
17,1,23,A
26,1,54,A
29,9,47,A
26,2,39,A
18,7,87,A
22,10,26,B
6,4,1,A
17,7,14,A
23,8,96,A
24,5,74,A
18,13,65,B
8,12,69,C
9,12,67,C
6,1,49,B
5,4,50,B
12,10,58,C
25,3,53,A
29,10,91,B
28,12,57,B
11,5,86,B
25,10,18,B
1,13,16,C
11,10,2,C
19,13,13,B
9,6,45,B
27,2,80,A
2,7,72,B
12,13,43,C
4,3,72,B
4,1,54,B
18,10,74,B
15,3,97,A
19,9,31,A
13,10,76,C
19,11,9,B
17,11,73,B
6,6,48,B
16,11,18,B
24,6,94,A
12,4,96,B
19,8,87,A
5,5,11,B
17,7,62,A
26,9,84,A
23,13,19,B
26,13,90,B
29,14,74,B
1,5,24,B
28,11,13,B
27,14,46,B
25,5,53,A
24,14,98,B
23,4,29,A
10,6,36,B
15,2,71,A
23,3,94,A
21,1,17,A
21,2,48,A
11,2,77,B
13,8,24,B
5,8,54,B
1,2,95,B
24,13,91,B
12,14,85,C
11,6,1,A
17,5,79,A
4,3,67,B
15,5,6,A
25,5,78,A
9,5,55,B
21,3,38,A
20,3,33,A
19,4,8,A
19,7,90,A
12,12,79,C
5,12,78,C
10,12,20,C
17,14,55,B
5,2,48,B
22,10,83,B
16,4,56,A
7,4,97,B
28,1,88,A
9,10,10,C
3,8,52,B
15,1,50,A
16,8,34,A
18,7,36,A
14,9,61,B
3,8,16,B
12,5,79,B
9,8,18,B
28,14,71,B
7,11,47,C
9,10,86,C
13,12,32,C
18,12,43,B
5,3,83,B
13,10,40,C
4,7,65,B
2,12,35,C
16,4,69,A
9,5,50,B
9,9,12,B
6,7,76,B
11,4,85,B
22,6,58,A
24,10,83,B
22,14,63,B
1,11,73,C
4,7,49,B
13,13,36,C
23,10,54,B
13,13,47,C
13,9,32,B
2,4,99,B
9,10,95,C
24,3,53,A
8,8,32,B
7,1,62,B
4,9,37,B
18,13,96,B
3,1,38,B
28,2,30,A
6,13,58,C
12,8,32,B
12,9,66,B
21,7,51,A
28,3,11,A
8,7,59,B
22,6,20,A
22,2,37,A
1,3,73,B
4,11,49,C
21,13,19,B
28,12,55,B
11,13,40,C
3,10,7,C
13,10,5,C
25,13,42,B
17,12,88,B
22,5,48,A
22,10,7,B
10,4,11,B
21,2,73,A
12,4,49,B
15,12,30,B
21,8,41,A
10,5,3,A
14,5,86,B
13,13,40,C
5,12,51,C
6,12,84,C
24,10,32,B
2,3,48,B
22,13,71,B
17,8,71,A
4,6,20,B
14,2,89,B
10,2,35,B
3,9,24,B
25,13,40,B
3,7,77,B
15,10,52,B
6,9,39,B
17,14,68,B
12,6,61,B
22,5,76,A
20,12,81,B
24,1,65,A
29,12,62,B
11,6,81,B
25,6,2,A
4,3,6,B
26,3,75,A
28,3,43,A
26,3,82,A
6,7,40,B
1,10,89,C
20,11,39,B
23,2,28,A
28,10,80,B
16,13,63,B
15,10,64,B
17,2,12,A
8,3,41,B
28,10,29,B
26,12,23,B
12,7,85,B
27,3,80,A
22,7,51,A
21,9,45,A
10,11,90,C
27,10,22,B
15,12,10,B
9,11,7,C
2,4,73,B
5,7,89,B
6,9,15,B
7,14,77,C
21,8,46,A
25,8,90,A
1,9,85,B
23,14,87,B
26,5,61,A
7,14,92,C
20,5,61,A
25,3,51,A
12,5,38,B
16,8,12,A
16,12,88,B
11,5,77,B
21,4,66,A
4,8,54,B
13,7,39,B
7,14,76,C
4,14,39,C
15,6,78,A
19,5,30,A
9,14,48,C
11,5,83,B
8,13,31,C
1,10,25,C
23,2,68,A
25,13,51,B
24,4,13,A
8,8,63,B
13,8,42,B
22,11,54,B
27,1,67,A
4,2,80,B
8,5,90,B
3,9,56,B
29,10,19,B
9,11,46,C
29,12,15,B
2,13,32,C
2,11,49,C
28,7,21,A
13,10,65,C
15,5,70,A
28,1,27,A
23,6,23,A
12,12,47,C
26,8,95,A
4,7,12,B
26,2,85,A
8,12,66,C
9,5,5,B
23,14,9,B
5,11,20,C
24,4,82,A
20,9,63,A
18,10,86,B
11,1,72,B
15,12,98,B
28,6,73,A
22,3,71,A
9,11,30,C
17,9,82,A
27,5,91,A
26,13,16,B
12,6,85,B
7,11,5,C
10,9,29,B
25,9,47,A
26,8,22,A
25,9,78,A
10,4,57,B
27,6,83,A
13,5,35,B
19,5,88,A
11,4,60,B
13,2,70,B
21,12,60,B
8,6,58,B
8,9,3,A
4,12,34,C
15,1,45,A
28,14,50,B
11,7,2,A
11,6,15,B
1,3,37,B
17,1,15,A
15,13,60,B
20,4,96,A
6,14,85,C
24,9,64,A
22,2,81,A
28,3,98,A
25,2,96,A
15,14,52,B
9,2,23,B
14,10,99,C
18,11,37,B
26,11,41,B
17,8,57,A
18,3,97,A
5,7,25,B
20,8,37,A
20,3,40,A
9,2,85,B
11,13,46,C
24,13,60,B
22,8,98,A
1,3,19,B
18,7,91,A
6,12,9,C
27,1,69,A
2,14,5,C
15,12,89,B
29,6,26,A
26,12,19,B
21,12,30,B
14,13,48,C
5,9,16,B
6,12,71,C
6,3,18,B
22,14,56,B
18,7,21,A
14,13,31,C
10,6,1,A
14,8,3,A
13,3,95,B
3,3,25,B
6,4,8,B
29,3,65,A
8,9,62,B
12,11,7,C
13,4,7,B
11,6,8,B
12,8,19,B
1,11,17,C
17,13,11,B
16,8,49,A
11,5,11,B
13,5,41,B
18,6,62,A
11,10,52,C
28,7,66,A
12,13,68,C
6,13,92,C
9,10,97,C
16,14,75,B
4,7,67,B
3,13,40,C
28,4,5,A
16,6,85,A
24,7,22,A
27,5,37,A
26,5,11,A
25,2,44,A
12,7,86,B
11,12,53,C
5,6,77,B
25,11,61,B
18,1,67,A
19,4,13,A
23,3,92,A
23,12,11,B
6,3,11,B
22,7,85,A
18,11,85,B
26,12,7,B
6,10,17,C
4,4,48,B
12,12,14,C
19,8,63,A
29,11,64,B
27,9,97,A
29,3,75,A
2,5,77,B
17,4,65,A
11,14,34,C
11,12,9,C
21,10,77,B
16,6,37,A
2,11,30,C
2,10,41,C
23,4,45,A
8,8,47,B
13,3,7,B
10,11,14,C
8,5,48,B
4,13,6,C
15,1,34,A
1,13,80,C
11,6,46,B
7,11,59,C
17,5,70,A
27,8,8,A
20,9,24,A
24,8,67,A
18,8,4,A
22,12,96,B
29,14,1,C
22,13,34,B
12,3,9,B
9,4,63,B
5,11,76,C
10,4,10,B
4,14,10,C
5,11,50,C
28,5,44,A
28,13,48,B
10,9,87,B
11,12,6,C
21,9,88,A
24,10,24,B
10,13,85,C
28,12,95,B
8,14,58,C
2,1,64,B
23,14,94,B
8,14,56,C
16,8,98,A
27,14,82,B
22,1,12,A
5,2,35,B
27,7,71,A
25,8,89,A
29,1,6,A
3,3,65,B
12,7,80,B
13,13,60,C
13,9,68,B
10,8,29,B
4,8,38,B
9,9,92,B
22,10,22,B
24,3,8,A
23,8,63,A
27,1,96,A
2,8,97,B
19,13,13,B
1,7,27,B
25,13,18,B
29,8,18,A
7,1,77,B
17,6,86,A
3,7,62,B
20,14,14,B
20,11,11,B
21,5,86,A
3,14,17,C
3,5,51,B
17,7,96,A
7,11,14,C
27,3,57,A
26,6,93,A
14,7,6,B
17,1,57,A
18,12,4,C
13,2,11,B
20,12,74,B
29,4,92,A
20,13,11,B
21,8,99,A
27,11,79,B
18,13,8,B
4,14,84,C
1,10,59,C
18,6,21,A
1,1,65,B
26,10,93,B
26,5,24,A
13,7,30,B
20,13,99,B
20,6,97,A
23,13,84,B
10,13,57,C
27,12,80,B
11,9,73,B
9,8,95,B
9,4,17,B
5,13,59,C
26,11,31,B
1,12,64,C
17,5,48,A
22,7,23,A
2,8,70,B
24,5,30,A
13,9,55,B
9,14,7,C
29,10,75,B
4,12,98,C
5,4,12,B
11,4,60,B
24,13,52,B
19,8,27,A
21,1,12,A
3,8,13,B
12,5,72,B
26,13,80,B
19,14,62,B
19,11,29,B
13,1,35,B
28,4,60,A
7,2,29,B
15,4,31,A
23,8,77,A
7,5,76,B
26,1,61,A
8,7,2,A
5,1,33,B
21,9,72,A
14,3,62,B
4,12,59,C
23,3,40,A
10,6,49,B
20,10,32,B
15,6,38,A
18,13,92,B
20,11,79,B
13,11,87,C
29,6,88,A
8,13,13,C
9,1,85,B
16,5,54,A
19,12,76,B
16,6,13,A
7,8,39,B
14,13,23,C
28,1,92,A
14,5,14,B
25,3,17,A
27,2,24,A
4,11,58,C
26,8,63,A
15,7,34,A
3,10,51,C
5,7,86,B
1,5,10,B
3,12,72,C
15,13,21,B
24,9,37,A
27,5,7,A
8,2,90,B
29,3,13,A
4,4,80,B
2,5,30,B
29,13,31,B
24,3,5,A
24,12,32,B
10,14,16,C
4,7,73,B
3,5,22,B
2,5,64,B
25,6,44,A
17,7,40,A
23,10,37,B
21,10,78,B
24,8,16,A
20,9,43,A
23,11,84,B
13,4,63,B
5,5,15,B
21,5,44,A
9,8,90,B
25,9,9,A
29,7,65,A
25,5,99,A
28,3,44,A
22,1,20,A
6,11,70,C
5,9,74,B
25,5,33,A
10,9,80,B
8,10,6,C
7,12,83,C
7,13,31,C
6,14,66,C
21,4,18,A
29,5,28,A
20,4,68,A
3,2,65,B
19,12,80,B
22,1,45,A
15,8,58,A
4,4,47,B
28,5,66,A
12,6,52,B
6,14,36,C
19,8,1,A
4,11,39,C
15,8,87,A
9,7,90,B
5,4,75,B
13,6,1,A
23,4,75,A
26,14,88,B
18,7,74,A
5,12,14,C
25,13,78,B
16,12,71,B
27,13,23,B
19,13,43,B
14,11,22,C
25,14,60,B
16,1,27,A
27,5,56,A
15,14,2,C
22,10,39,B
4,12,51,C
7,10,19,C
16,4,62,A
24,11,71,B
22,7,76,A
21,13,67,B
22,9,63,A
21,5,5,A
8,4,72,B
17,9,78,A
16,5,61,A
27,9,71,A
23,8,7,A
10,4,50,B
10,11,46,C
27,11,96,B
2,7,72,B
9,5,76,B
17,10,74,B
11,4,14,B
10,5,73,B
22,5,94,A
25,11,69,B
17,9,65,A
4,12,65,C
16,9,57,A
20,6,62,A
15,14,20,B
25,4,75,A
27,2,26,A
21,14,44,B
5,3,67,B
6,2,70,B
17,5,62,A
1,6,45,B
25,11,11,B
19,5,72,A
4,2,93,B
17,12,74,B
9,5,34,B
24,9,88,A
2,4,46,B
8,12,81,C
15,10,32,B
7,2,75,B
27,3,98,A
6,3,88,B
1,9,5,B
15,4,63,A
23,1,29,A
26,1,48,A
7,7,98,B
29,7,16,A
25,2,25,A
17,9,72,A
2,9,29,B
27,5,52,A
9,3,46,B
29,3,25,A
9,12,23,C
13,3,34,B
6,6,67,B
6,4,94,B
20,8,34,A
20,13,32,B
21,11,29,B
3,13,9,C
17,11,66,B
17,11,57,B
12,5,39,B
16,1,7,A
15,9,69,A
13,1,8,B
23,6,96,A
1,1,18,B
17,3,82,A
3,10,49,C
26,5,16,A
15,10,21,B
4,7,10,B
4,14,4,C
18,10,44,B
17,8,8,A
19,12,55,B
11,9,19,B
20,6,64,A
3,11,40,C
8,9,51,B
14,8,9,B
26,9,30,A
1,10,56,C
14,4,81,B
2,9,44,B
29,7,59,A
23,5,15,A
4,5,68,B
24,1,70,A
27,2,61,A
29,10,80,B
19,3,90,A
6,14,23,C
25,14,77,B
1,8,47,B
17,6,17,A
8,12,57,C
19,10,54,B
21,11,91,B
1,13,52,C
5,14,22,C
27,5,83,A
16,13,39,B
6,1,99,B
8,12,13,C
13,11,78,C
16,12,95,B
3,9,66,B
19,3,52,A
12,3,14,B
16,2,73,A
27,4,74,A
11,12,63,C
10,2,71,B
25,13,28,B
20,9,89,A
4,12,46,C
12,10,28,C
23,7,2,A
2,8,17,B
24,3,59,A
22,6,52,A
19,10,4,C
25,6,77,A
5,13,82,C
8,1,3,A
7,6,37,B
14,13,97,C
24,14,24,B
23,3,72,A
3,11,35,C
18,3,2,A
16,3,33,A
23,10,76,B
19,11,86,B
19,11,77,B
18,10,10,B
20,11,81,B
16,8,62,A
8,13,43,C
28,5,69,A
1,4,59,B
17,13,9,B
12,9,77,B
21,9,60,A
11,1,63,B
5,2,52,B
27,8,23,A
12,5,30,B
17,7,43,A
6,1,68,B
1,12,21,C
5,10,43,C
25,12,73,B
28,5,7,A
14,11,16,C
5,12,23,C
22,3,58,A
24,10,87,B
27,12,31,B
1,12,69,C
18,14,6,B
16,2,65,A
9,2,59,B
19,9,28,A
22,13,18,B
5,4,88,B
27,4,77,A
2,7,97,B
15,10,10,B
7,10,7,C
4,13,37,C
1,2,96,B
13,3,45,B
20,3,86,A
22,6,16,A
7,3,88,B
15,11,14,B
23,5,11,A
14,4,83,B
23,3,87,A
19,8,34,A
22,14,60,B
29,10,13,B
24,3,39,A
20,6,44,A
29,13,28,B
24,7,40,A
18,7,16,A
10,2,50,B
9,14,28,C
25,3,68,A
8,12,92,C
26,10,60,B
29,10,12,B
10,4,16,B
17,7,53,A
2,2,54,B
6,3,49,B
26,7,36,A
5,7,62,B
28,10,84,B
9,3,26,B
5,12,56,C
18,1,90,A
26,12,22,B
20,3,73,A
9,5,69,B
17,7,81,A
27,4,49,A
17,13,98,B
12,13,2,C
7,11,53,C
27,11,7,B
3,1,77,B
10,6,20,B
2,2,94,B
25,12,30,B
3,3,75,B
16,4,95,A
2,6,67,B
28,6,59,A
24,7,66,A
10,5,3,A
6,7,56,B
22,2,79,A
26,1,17,A
11,12,52,C
23,10,7,B
7,8,5,B
27,1,98,A
29,12,97,B
15,2,54,A
6,11,61,C
20,12,16,B
27,10,67,B
9,6,59,B
22,1,47,A
20,10,48,B
12,3,64,B
19,7,50,A
20,12,85,B
3,8,41,B
15,4,72,A
2,12,22,C
21,3,54,A
2,1,5,B
22,12,17,B
3,9,78,B
6,10,41,C
15,6,92,A
27,6,95,A
10,9,81,B
9,1,35,B
1,6,40,B
16,12,22,B
6,5,48,B
9,13,53,C
27,11,93,B
4,6,10,B
27,14,18,B
28,11,99,B
2,8,80,B
29,5,49,A
4,2,71,B
1,12,30,C
19,12,19,B
26,2,55,A
25,10,60,B
10,5,87,B
21,3,72,A
15,10,81,B
27,3,21,A
22,8,26,A
19,7,28,A
16,1,39,A
21,12,33,B
27,13,40,B
24,12,83,B
22,5,29,A
4,9,20,B
2,4,20,B
25,1,74,A
13,8,12,B
28,5,97,A
1,2,25,B
17,12,25,B
13,1,4,A
4,14,4,C
7,12,9,C
17,12,15,B
9,12,26,C
4,3,79,B
19,9,90,A
1,1,92,B
10,4,71,B
4,8,32,B
9,8,76,B
13,10,99,C
14,12,52,C
10,11,32,C
6,13,9,C
16,11,78,B
6,8,13,B
17,10,56,B
10,8,44,B
18,4,97,A
27,8,96,A
22,9,83,A
18,7,30,A
3,14,16,C
20,12,12,B
27,2,74,A
21,9,66,A
25,11,18,B
28,8,13,A
15,13,93,B
15,5,24,A
4,12,12,C
29,3,60,A
27,7,60,A
9,14,93,C
27,14,86,B
26,2,1,A
19,13,43,B
24,3,55,A
28,12,40,B
17,9,64,A
11,4,34,B
25,4,34,A
9,3,48,B
10,5,33,B
18,3,68,A
20,9,30,A
13,3,84,B
8,2,90,B
7,12,79,C
17,5,71,A
21,6,71,A
23,1,29,A
15,14,23,B
20,12,34,B
15,11,84,B
1,6,15,B
25,10,97,B
14,3,53,B
5,4,17,B
11,6,64,B
16,8,84,A
2,9,61,B
8,6,57,B
11,7,77,B
29,14,88,B
18,5,37,A
3,14,7,C
26,12,8,B
1,9,87,B
11,4,78,B
16,10,68,B
18,11,21,B
16,6,61,A
23,5,74,A
10,1,86,B
18,5,94,A
6,13,94,C
19,5,80,A
4,14,75,C
27,9,86,A
13,1,29,B
24,5,25,A
14,7,58,B
3,11,14,C
10,6,78,B
6,6,66,B
1,12,54,C
23,7,77,A
24,6,67,A
27,5,30,A
14,10,18,C
8,5,54,B
19,9,21,A
14,14,53,C
10,8,83,B
17,14,16,B
9,12,28,C
29,10,4,C
6,14,55,C
11,4,15,B
25,4,64,A
7,10,65,C
17,5,16,A
28,13,20,B
28,13,64,B
1,3,33,B
22,8,81,A
5,7,69,B
9,5,69,B
18,10,58,B
24,3,39,A
27,5,77,A
21,3,36,A
2,10,94,C
29,5,68,A
26,1,87,A
11,6,21,B
27,10,63,B
28,4,85,A
6,4,6,B
26,8,24,A
8,2,53,B
4,4,95,B
18,2,83,A
28,1,76,A
11,10,78,C
5,13,50,C
15,13,12,B
28,3,56,A
18,12,15,B
2,8,83,B
22,6,92,A
11,12,40,C
26,7,41,A
25,2,69,A
13,6,69,B
4,14,6,C
22,8,87,A
7,8,67,B
29,4,33,A
11,6,43,B
22,14,21,B
24,5,84,A
4,9,65,B
28,8,17,A
15,2,93,A
1,12,8,C
23,13,64,B
3,7,90,B
14,7,28,B
6,11,98,C
18,14,90,B
25,14,13,B
1,12,13,C
6,1,38,B
6,1,25,B
21,12,62,B
16,4,23,A
29,5,86,A
5,4,21,B
17,7,54,A
10,3,63,B
28,7,30,A
21,13,75,B
18,8,68,A
7,6,97,B
3,6,76,B
13,8,73,B
15,8,32,A
20,7,75,A
19,6,24,A
3,6,7,B
4,10,72,C
5,11,97,C
1,13,89,C
4,13,1,C
12,6,3,A
28,8,28,A
27,1,43,A
24,5,97,A
10,3,46,B
23,12,1,C
25,8,38,A
21,11,91,B
29,6,35,A
26,14,74,B
20,2,76,A
24,13,74,B
25,7,54,A
13,7,98,B
23,13,24,B
14,5,28,B
23,8,22,A
5,14,16,C
4,5,13,B
14,1,62,B
10,9,43,B
17,4,87,A
10,13,78,C
26,2,32,A
7,4,67,B
16,14,91,B
1,13,83,C
17,9,86,A
21,2,57,A
29,4,65,A
9,2,69,B
6,5,49,B
19,3,33,A
13,10,19,C
3,2,36,B
7,14,70,C
22,9,15,A
9,5,97,B
22,10,24,B
5,5,27,B
10,1,49,B
23,6,75,A
17,13,23,B
12,7,33,B
23,1,41,A
16,9,56,A
3,8,29,B
25,12,31,B
22,14,65,B
9,14,98,C
29,8,18,A
15,7,82,A
5,5,6,B
23,3,52,A
13,12,40,C
14,14,65,C
20,9,42,A
15,14,94,B
16,7,68,A
23,11,32,B
13,10,10,C
17,10,69,B
23,8,9,A
8,14,69,C
21,6,61,A
2,12,11,C
5,14,99,C
6,11,91,C
12,14,68,C
18,5,74,A
22,8,97,A
22,3,8,A
1,12,49,C
17,13,24,B
11,13,33,C
10,7,19,B
19,2,2,A
14,3,55,B
26,13,11,B
10,12,99,C
15,2,17,A
28,5,42,A
19,7,61,A
4,11,3,C
2,10,86,C
9,11,35,C
10,11,85,C
28,11,89,B
11,10,66,C
14,13,1,C
7,14,7,C
23,1,20,A
15,13,43,B
22,10,6,B
19,9,55,A
22,1,21,A
15,1,51,A
28,14,46,B
24,12,35,B
8,10,8,C
11,8,68,B
29,6,16,A
9,6,67,B
15,12,71,B
1,9,64,B
1,4,2,A
19,8,1,A
3,4,58,B
10,14,1,C
8,2,7,B
15,11,88,B
10,8,69,B
1,12,85,C
29,7,92,A
18,4,18,A
2,9,88,B
19,9,32,A
13,8,45,B
22,14,33,B
1,1,74,B
2,7,73,B
29,5,49,A
16,7,33,A
15,12,97,B
13,9,71,B
16,2,68,A
17,13,28,B
21,14,87,B
29,11,53,B
29,4,96,A
7,4,44,B
24,2,80,A
26,3,55,A
17,11,10,B
7,14,14,C
13,14,36,C
5,13,34,C
26,8,88,A
17,12,18,B
3,9,16,B
7,6,37,B
26,10,41,B
17,2,25,A
7,2,8,B
21,7,88,A
1,8,84,B
17,8,94,A
17,14,84,B
11,6,18,B
25,10,68,B
27,8,48,A
29,14,70,B
3,1,67,B
15,9,18,A
29,13,18,B
21,12,56,B
11,1,23,B
26,13,35,B
28,3,6,A
16,12,26,B
25,9,85,A
22,11,61,B
28,5,88,A
9,9,15,B
24,9,91,A
24,6,32,A
1,11,12,C
29,1,5,A
25,10,64,B
22,7,71,A
16,14,86,B
9,6,27,B
19,9,79,A
12,7,45,B
19,14,35,B
22,12,26,B
9,11,23,C
7,12,13,C
14,13,90,C
29,4,3,A
19,7,29,A
19,2,66,A
2,6,64,B
9,6,28,B
13,2,87,B
15,14,36,B
3,4,6,B
11,8,11,B
21,8,38,A
14,13,34,C
25,8,81,A
8,8,67,B
18,1,46,A
19,2,98,A
16,12,86,B
2,4,29,B
8,12,60,C
22,9,54,A
6,3,93,B
12,14,69,C
15,6,74,A
25,7,74,A
8,8,9,B
4,13,85,C
15,7,77,A
28,3,10,A
20,6,75,A
25,5,68,A
17,13,58,B
13,12,95,C
18,10,52,B
2,4,34,B
13,1,35,B
13,14,33,C
22,13,72,B
15,7,32,A
20,8,55,A
29,2,97,A
27,7,8,A
10,6,46,B
29,5,14,A
3,13,98,C
19,4,8,A
3,2,71,B
22,10,77,B
14,6,54,B
8,5,21,B
27,2,96,A
23,10,75,B
4,7,14,B
27,6,75,A
28,12,2,C
20,11,98,B
11,9,61,B
26,11,17,B
11,10,78,C
27,5,89,A
11,9,48,B
2,9,91,B
17,13,8,B
9,1,56,B
28,5,17,A
28,9,69,A
2,7,12,B
29,6,38,A
24,6,18,A
15,11,26,B
16,7,95,A
25,1,37,A
4,4,70,B
8,13,41,C
9,1,79,B
26,6,42,A
26,14,90,B
5,13,76,C
16,4,41,A
13,1,47,B
7,9,14,B
26,12,1,C
20,4,17,A
17,12,97,B
3,6,55,B
5,13,93,C
19,7,53,A
12,8,31,B
29,12,62,B
27,13,8,B
7,11,30,C
28,9,77,A
9,9,80,B
28,8,66,A
6,10,45,C
29,11,18,B
26,12,99,B
17,12,45,B
16,14,19,B
23,3,77,A
3,12,68,C
21,2,83,A
26,5,50,A
4,1,25,B
10,3,38,B
5,1,95,B
21,13,36,B
22,3,68,A
10,13,56,C
12,4,39,B
10,7,63,B
29,12,7,B
13,12,58,C
11,5,80,B
22,5,59,A
16,13,48,B
8,1,5,B
8,8,87,B
27,13,36,B
25,4,96,A
8,10,88,C
13,5,25,B
27,2,45,A
2,12,92,C
12,13,19,C
10,1,7,B
12,9,58,B
11,2,81,B
15,6,66,A
16,1,80,A
17,1,39,A
26,9,18,A
2,4,1,A
18,9,63,A
12,11,3,C
19,5,21,A
26,7,30,A
23,1,11,A
18,6,22,A
17,8,57,A
6,14,89,C
25,1,3,A
15,9,30,A
3,3,88,B
6,1,45,B
3,1,36,B
29,13,87,B
1,14,72,C
13,11,64,C
28,6,54,A
21,11,68,B
26,6,50,A
14,1,31,B
13,14,29,C
27,14,59,B
4,3,36,B
7,7,77,B
22,10,73,B
10,3,85,B
7,3,67,B
21,3,89,A
15,12,89,B
15,7,76,A
4,4,93,B
23,4,11,A
23,3,11,A
6,10,26,C
24,11,53,B
20,9,14,A
26,2,64,A
5,4,80,B
20,8,10,A
12,6,31,B
1,14,95,C
28,7,36,A
8,13,10,C
1,7,26,B
5,2,20,B
22,4,44,A
6,10,62,C
29,10,73,B
21,6,79,A
3,3,9,B
15,9,71,A
5,13,90,C
28,4,24,A
24,10,12,B
14,13,60,C
18,2,84,A
16,6,78,A
6,1,86,B
25,6,16,A
24,13,29,B
14,12,32,C
27,10,83,B
24,1,35,A
8,14,43,C
29,8,96,A
7,5,53,B
8,6,20,B
13,2,84,B
6,2,8,B
18,12,99,B
2,9,42,B
8,3,77,B
11,6,70,B
1,10,16,C
22,5,69,A
29,14,53,B
6,12,45,C
16,4,51,A
27,10,98,B
20,2,6,A
12,8,33,B
11,10,79,C
29,7,15,A
27,11,14,B
29,2,39,A
10,6,63,B
3,14,5,C
13,8,90,B
27,7,81,A
3,1,52,B
15,5,16,A
16,2,99,A
29,6,38,A
13,7,53,B
17,14,87,B
3,14,77,C
20,7,97,A
11,3,93,B
27,7,53,A
21,5,46,A
19,8,98,A
22,12,98,B
11,8,91,B
28,7,15,A
16,6,59,A
21,2,50,A
3,6,9,B
22,13,26,B
6,12,3,C
14,11,47,C
24,9,5,A
18,2,62,A
17,1,84,A
4,11,84,C
23,13,5,B
15,5,10,A
11,11,80,C
26,6,63,A
3,3,25,B
3,8,44,B
16,7,25,A
5,2,30,B
21,12,14,B
29,7,86,A
10,1,43,B
19,9,28,A
25,13,94,B
4,7,19,B
29,6,42,A
29,13,20,B
19,2,99,A
11,3,86,B
2,1,79,B
10,10,11,C
29,13,54,B
11,5,98,B
25,9,24,A
20,13,70,B
16,6,17,A
19,5,28,A
23,12,50,B
24,3,95,A
11,5,55,B
14,8,73,B
2,12,10,C
23,2,21,A
28,5,58,A
5,6,34,B
27,10,95,B
5,8,93,B
19,8,43,A
21,5,11,A
12,9,33,B
18,4,58,A
4,12,46,C
22,9,61,A
17,11,62,B
10,7,1,A
20,6,21,A
6,4,62,B
25,2,64,A
14,8,87,B
11,6,73,B
11,12,56,C
29,3,1,A
18,7,21,A
27,10,22,B
23,7,54,A
22,6,4,A
18,2,65,A
24,8,51,A
23,1,74,A
11,13,63,C
21,1,15,A
12,6,36,B
5,5,29,B
23,9,52,A
9,13,46,C
27,12,69,B
25,7,29,A
9,2,47,B
22,13,91,B
10,12,25,C
22,7,80,A
19,3,16,A
1,1,89,B
7,11,41,C
4,8,65,B
1,14,69,C
15,12,20,B
8,3,69,B
12,11,36,C
22,8,93,A
22,7,98,A
18,12,58,B
15,2,48,A
17,13,82,B
29,14,2,C
14,14,80,C
14,1,29,B
18,7,97,A
20,13,16,B
18,1,35,A
16,6,62,A
1,13,81,C
23,11,4,C
27,10,68,B
11,11,51,C
15,10,89,B
12,8,33,B
8,7,78,B
22,4,24,A
20,1,75,A
6,1,25,B
3,4,28,B
28,5,7,A
24,12,36,B
26,7,10,A
13,14,36,C
13,4,95,B
2,10,83,C
5,14,18,C
17,12,6,B
6,1,92,B
2,11,7,C
4,10,12,C
22,7,41,A
26,2,63,A
11,13,98,C
8,11,25,C
12,2,81,B
8,8,53,B
11,12,33,C
22,10,87,B
20,10,73,B
8,10,6,C
29,5,62,A
8,10,66,C
26,2,9,A
17,5,67,A
20,8,16,A
20,6,89,A
23,3,88,A
16,8,93,A
14,14,55,C
11,9,40,B
7,5,26,B
16,13,38,B
13,2,35,B
27,2,87,A
15,7,68,A
24,1,59,A
16,10,14,B
27,12,47,B
21,2,71,A
23,10,72,B
24,4,42,A
9,1,51,B
3,4,19,B
19,13,66,B
20,12,47,B
5,11,65,C
10,13,42,C
17,10,38,B
15,5,13,A
23,9,44,A
25,1,24,A
8,12,96,C
15,5,30,A
21,2,70,A
14,9,38,B
20,6,97,A
28,2,23,A
7,14,74,C
21,3,57,A
23,14,79,B
12,8,23,B
17,1,36,A
17,12,57,B
10,3,1,A
29,13,72,B
19,10,3,C
14,1,14,B
11,11,81,C
2,11,34,C
18,8,70,A
7,1,69,B
12,13,51,C
26,5,29,A
2,4,99,B
27,7,82,A
20,14,48,B
18,5,94,A
6,8,79,B
24,12,79,B
10,14,16,C
20,11,57,B
15,1,97,A
5,5,10,B
20,4,19,A
3,3,67,B
5,5,36,B
25,10,4,C
8,3,75,B
8,8,33,B
8,13,28,C
12,3,96,B
24,1,80,A
23,9,9,A
8,9,75,B
11,6,6,B
14,10,49,C
8,1,91,B
29,8,76,A
24,2,22,A
28,9,48,A
10,14,21,C
7,8,33,B
28,3,81,A
17,13,56,B
4,5,29,B
29,9,53,A
13,13,40,C
4,1,74,B
5,9,18,B
26,4,47,A
22,4,13,A
4,4,27,B
18,10,62,B
6,12,74,C
24,9,96,A
24,14,45,B
23,6,3,A
22,11,22,B
2,8,27,B
23,12,55,B
11,14,67,C
28,4,33,A
14,3,2,A
5,14,75,C
6,1,46,B
10,10,74,C
8,7,33,B
14,4,58,B
24,14,7,B
3,8,15,B
12,14,26,C
16,3,11,A
28,1,38,A
23,5,27,A
17,14,7,B
1,2,1,A
23,3,74,A
10,14,21,C
25,6,79,A
23,3,30,A
10,3,94,B
21,12,8,B
24,6,88,A
2,5,83,B
9,10,3,C
22,9,55,A
13,1,15,B
25,13,36,B
16,3,6,A
18,3,42,A
19,11,50,B
12,6,18,B
8,8,83,B
17,3,50,A
15,3,30,A
10,6,77,B
15,8,39,A
15,6,12,A
23,13,98,B
7,12,59,C
13,14,76,C
17,10,44,B
9,3,88,B
8,4,4,A
20,1,36,A
26,13,48,B
27,8,14,A
21,4,81,A
18,6,49,A
13,11,67,C
16,3,87,A
9,11,77,C
12,12,9,C
12,11,21,C
6,6,72,B
19,12,81,B
28,11,16,B
7,9,16,B
25,9,28,A
3,10,51,C
16,3,56,A
18,3,80,A
16,4,57,A
23,12,52,B
7,7,46,B
4,3,78,B
27,10,38,B
25,8,84,A
8,11,48,C
13,8,41,B
13,6,98,B
17,4,59,A
17,11,93,B
5,12,67,C
6,11,74,C
19,5,84,A
13,12,66,C
25,2,27,A
28,13,32,B
26,6,56,A
14,3,10,B
22,6,40,A
4,12,17,C
28,5,58,A
7,14,97,C
8,2,6,B
25,12,39,B
13,13,18,C
27,14,73,B
6,5,72,B
6,5,89,B
24,14,95,B
28,9,42,A
21,11,4,C
3,8,20,B
28,12,28,B
3,12,40,C
13,7,65,B
22,12,44,B
2,13,23,C
16,14,57,B
22,3,47,A
29,10,13,B
6,4,16,B
8,6,90,B
23,3,55,A
8,11,95,C
25,9,65,A
6,8,81,B
14,6,16,B
3,4,37,B
10,7,52,B
3,13,10,C
27,11,38,B
12,3,44,B
17,10,95,B
27,8,74,A
29,1,54,A
5,3,98,B
20,11,51,B
25,5,52,A
9,5,70,B
21,10,92,B
26,14,92,B
20,2,59,A
7,10,13,C
22,8,41,A
4,5,12,B
13,7,50,B
13,7,57,B
10,14,50,C
18,5,57,A
17,8,54,A
20,9,66,A
20,4,8,A
13,4,63,B
17,8,9,A
22,1,60,A
4,4,63,B
1,6,72,B
1,13,3,C
15,4,73,A
13,6,13,B
17,5,9,A
24,14,95,B
26,9,89,A
8,10,52,C
18,9,62,A
27,4,8,A
13,13,95,C
23,14,45,B
14,4,53,B
8,12,63,C
8,8,95,B
27,10,81,B
26,4,57,A
15,2,54,A
27,13,19,B
13,13,67,C
7,14,46,C
5,2,94,B
17,1,10,A
28,5,93,A
25,6,18,A
29,9,12,A
16,5,49,A
23,13,23,B
2,6,62,B
22,6,11,A
18,3,73,A
17,12,56,B
7,4,88,B
13,1,89,B
18,4,55,A
29,1,25,A
14,5,9,B
18,11,12,B
13,11,11,C
11,8,38,B
21,8,28,A
21,5,8,A
16,14,74,B
23,10,89,B
17,2,47,A
8,12,36,C
19,6,50,A
20,1,9,A
15,7,60,A
9,11,72,C
20,4,67,A
10,5,53,B
12,6,82,B
21,11,99,B
23,1,17,A
20,9,53,A
1,10,28,C
25,4,63,A
20,8,15,A
9,5,19,B
22,11,86,B
15,8,70,A
1,1,47,B
12,8,71,B
3,11,48,C
11,13,73,C
2,11,20,C
16,4,37,A
9,2,75,B
15,11,2,C
12,6,64,B
1,2,86,B
13,5,36,B
14,2,5,B
25,3,64,A
25,11,7,B
8,6,70,B
8,1,22,B
27,6,74,A
12,3,46,B
1,7,40,B
11,2,61,B
8,14,46,C
10,6,84,B
19,8,28,A
11,1,87,B
7,11,35,C
11,11,1,C
17,13,29,B
1,9,9,B
26,5,9,A
29,5,22,A
21,13,63,B
21,12,66,B
8,5,80,B
23,6,58,A
24,2,70,A
6,6,55,B
22,14,13,B
18,11,97,B
6,4,19,B
5,8,79,B
13,13,33,C
19,11,74,B
22,9,65,A
8,9,60,B
9,8,12,B
17,3,43,A
3,10,93,C
19,11,17,B
11,11,68,C
24,4,29,A
17,1,55,A
21,9,7,A
19,5,44,A
2,6,77,B
8,3,5,B
19,11,60,B
7,10,6,C
28,8,98,A
27,7,7,A
17,1,46,A
6,10,57,C
19,12,54,B
24,5,92,A
6,10,46,C
28,9,10,A
2,12,4,C
6,11,67,C
23,12,25,B
5,6,87,B
19,8,91,A
20,10,78,B
4,1,61,B
22,10,38,B
26,11,32,B
17,7,23,A
11,3,37,B
4,9,3,A
26,6,99,A
13,5,13,B
20,8,34,A
26,8,88,A
17,12,65,B
9,12,76,C
4,3,8,B
23,2,83,A
28,2,9,A
14,14,28,C
19,5,78,A
26,10,91,B
28,12,18,B
3,7,42,B
14,8,41,B
8,10,70,C
24,8,33,A
27,13,89,B
28,12,77,B
1,8,54,B
10,10,87,C
18,12,36,B
16,11,97,B
8,3,85,B
1,14,98,C
12,11,56,C
8,2,17,B
24,13,10,B
16,4,87,A
18,1,44,A
4,3,2,A
6,11,99,C
12,9,14,B
27,7,41,A
9,7,2,A
15,1,19,A
16,7,80,A
24,10,89,B
12,7,1,A
24,4,2,A
23,7,27,A
14,8,2,A
13,3,94,B
25,13,51,B
2,10,10,C
3,2,19,B
26,7,80,A
24,5,13,A
22,5,48,A
10,14,56,C
9,5,72,B
26,7,56,A
20,9,50,A
8,11,95,C
10,8,45,B
19,6,89,A
3,7,59,B
24,9,39,A
5,14,21,C
3,11,55,C
26,6,57,A
27,1,41,A
16,4,93,A
17,8,70,A
15,7,82,A
3,3,49,B
12,10,44,C
9,3,35,B
21,11,91,B
12,3,5,B
26,12,71,B
15,1,74,A
2,10,74,C
23,1,51,A
18,6,57,A
20,14,58,B
12,14,92,C
23,1,36,A
4,5,10,B
23,4,50,A
16,5,99,A
23,7,99,A
16,6,37,A
1,12,20,C
22,9,13,A
25,6,75,A
2,9,19,B
3,4,92,B
26,1,56,A
21,1,45,A
25,10,60,B
20,7,68,A
17,13,57,B
20,13,54,B
22,13,37,B
21,3,83,A
29,2,37,A
1,14,14,C
20,6,95,A
6,6,92,B
29,13,44,B
15,7,83,A
26,5,42,A
26,8,1,A
14,7,23,B
20,2,64,A
15,1,28,A
14,13,4,C
25,14,41,B
21,9,60,A
24,5,18,A
25,12,63,B
26,11,61,B
5,5,49,B
6,12,47,C
17,10,39,B
11,4,89,B
16,2,82,A
12,5,6,B
15,2,83,A
23,12,53,B
4,7,76,B
27,11,25,B
18,9,99,A
21,9,65,A
28,11,5,B
3,6,65,B
22,1,8,A
8,13,39,C
23,6,43,A
3,5,82,B
8,4,73,B
18,12,5,B
10,6,4,A
25,6,93,A
20,14,1,C
17,6,94,A
8,2,56,B
23,14,45,B
11,7,65,B
29,14,3,C
5,4,22,B
26,13,72,B
13,12,56,C
21,9,18,A
23,10,25,B
5,2,48,B
24,5,84,A
27,14,31,B
13,4,30,B
6,9,80,B
29,4,66,A
5,8,81,B
9,8,10,B
27,6,71,A
16,6,59,A
2,11,51,C
1,8,9,B
8,12,54,C
28,13,62,B
19,12,81,B
11,10,9,C
28,9,9,A
12,5,24,B
12,11,39,C
7,1,75,B
26,1,8,A
13,2,25,B
27,10,66,B
8,10,10,C
29,5,24,A
29,4,80,A
22,1,83,A
28,4,59,A
26,4,31,A
9,10,11,C
7,4,6,B
26,1,70,A
21,9,32,A
24,14,39,B
15,3,48,A
2,13,13,C
23,4,59,A
20,5,67,A
25,13,56,B
12,13,41,C
1,7,56,B
23,6,35,A
22,5,38,A
8,8,81,B
5,14,67,C
15,1,34,A
1,7,76,B
1,12,88,C
25,6,70,A
10,11,11,C
22,5,27,A
10,7,48,B
21,3,24,A
15,1,18,A
17,9,27,A
22,2,54,A
6,13,55,C
3,10,21,C
13,3,59,B
16,8,34,A
8,12,97,C
15,10,58,B
17,9,48,A
17,13,54,B
22,3,18,A
26,6,3,A
13,7,24,B
17,1,1,A
6,14,6,C
17,7,19,A
16,4,86,A
14,5,43,B
13,8,8,B
6,4,69,B
3,4,52,B
14,8,73,B
14,5,47,B
15,13,85,B
8,6,28,B
29,12,46,B
15,11,4,C
22,14,88,B
29,5,8,A
27,1,61,A
13,7,17,B
17,6,34,A
21,2,20,A
24,11,80,B
3,7,74,B
28,6,34,A
6,5,43,B
5,8,10,B
22,5,94,A
26,11,30,B
17,2,25,A
23,6,57,A
25,14,63,B
2,12,71,C
26,1,47,A
15,5,84,A
5,14,81,C
26,6,3,A
20,7,46,A
6,14,36,C
6,2,26,B
27,1,10,A
18,6,34,A
18,3,78,A
4,5,8,B
17,12,55,B
25,11,91,B
14,13,10,C
14,2,57,B
13,1,79,B
7,1,86,B
12,13,45,C
23,11,50,B
15,4,64,A
19,10,95,B
11,13,2,C
15,2,45,A
12,1,95,B
3,6,62,B
17,14,14,B
3,4,74,B
19,10,94,B
20,13,15,B
4,12,14,C
3,7,31,B
26,11,29,B
16,6,27,A
12,5,85,B
8,10,9,C
24,12,20,B
29,13,99,B
29,12,58,B
17,12,79,B
7,12,88,C
11,2,49,B
18,5,57,A
1,9,16,B
3,9,75,B
4,2,8,B
13,7,67,B
6,10,19,C
26,14,67,B
14,4,36,B
5,13,89,C
16,13,60,B
15,3,36,A
15,11,11,B
4,1,51,B
8,3,80,B
27,11,55,B
16,9,54,A
28,14,17,B
16,9,62,A
4,7,42,B
13,3,24,B
26,13,17,B
28,3,48,A
13,4,84,B
2,7,86,B
3,7,70,B
22,12,7,B
8,12,14,C
24,14,11,B
15,2,12,A
11,12,5,C
9,5,5,B
7,7,20,B
13,7,54,B
2,6,55,B
8,10,58,C
7,10,79,C
24,12,90,B
12,8,97,B
19,3,30,A
7,1,24,B
10,3,87,B
29,11,73,B
25,2,3,A
16,2,48,A
3,14,71,C
10,14,22,C
6,2,14,B
18,5,48,A
18,13,29,B
5,1,50,B
21,10,80,B
29,4,98,A
7,14,10,C
28,10,71,B
2,5,89,B
11,2,27,B
13,5,79,B
23,10,96,B
5,4,28,B
6,8,9,B
24,1,71,A
26,12,80,B
29,5,26,A
14,14,99,C
12,14,81,C
4,11,87,C
29,12,8,B
23,10,2,C
6,1,95,B
10,10,57,C
18,10,52,B
15,4,58,A
8,8,96,B
26,1,93,A
9,11,3,C
5,2,8,B
10,1,59,B
20,11,2,C
6,7,95,B
16,2,62,A
24,1,49,A
27,12,20,B
3,6,29,B
10,6,17,B
11,10,74,C
11,2,22,B
17,1,6,A
4,14,62,C
4,10,98,C
17,3,31,A
9,10,62,C
19,14,12,B
5,5,12,B
22,6,63,A
24,3,16,A
6,9,25,B
3,11,22,C
22,5,91,A
1,13,88,C
20,2,76,A
22,10,18,B
16,6,45,A
23,12,80,B
11,8,68,B
13,11,12,C
27,6,49,A
10,4,33,B
3,6,86,B
9,8,63,B
28,8,18,A
12,13,54,C
23,10,97,B
14,2,27,B
1,8,83,B
18,6,78,A
17,2,25,A
27,1,34,A
9,6,88,B
9,13,60,C
23,7,54,A
10,14,87,C
19,14,5,B
29,10,36,B
15,5,54,A
5,14,88,C
15,10,36,B
20,8,69,A
23,11,39,B
25,13,70,B
28,12,4,C
2,9,74,B
13,4,65,B
24,7,85,A
16,8,40,A
15,13,37,B
25,6,67,A
10,2,31,B
14,7,91,B
10,13,81,C
25,9,87,A
14,5,77,B
26,2,47,A
23,4,27,A
9,3,51,B
25,4,20,A
14,10,13,C
3,7,63,B
20,10,44,B
16,8,24,A
2,1,3,A
10,13,10,C
3,8,65,B
11,5,49,B
11,12,58,C
21,7,77,A
21,11,78,B
22,11,97,B
13,1,2,A
7,2,66,B
23,1,31,A
17,5,68,A
2,14,98,C
12,14,83,C
25,6,37,A
10,10,73,C
18,9,24,A
22,8,77,A
27,7,44,A
11,12,94,C
16,5,83,A
17,14,41,B
19,3,74,A
18,9,51,A
3,13,42,C
21,5,78,A
27,3,40,A
26,3,48,A
16,3,84,A
6,14,4,C
25,6,60,A
12,1,39,B
11,11,5,C
15,4,96,A
15,13,6,B
16,8,14,A
10,3,70,B
12,5,78,B
28,2,12,A
13,2,62,B
4,11,27,C
7,13,54,C
22,7,90,A
2,10,12,C
26,3,8,A
27,5,74,A
27,3,16,A
27,6,52,A
15,13,26,B
8,10,8,C
7,3,45,B
15,8,93,A
23,2,84,A
14,3,81,B
8,8,19,B
28,8,17,A
12,1,65,B
13,8,29,B
11,10,14,C
17,2,17,A
29,12,13,B
17,7,93,A
24,6,98,A
4,2,91,B
21,5,63,A
8,7,33,B
5,8,29,B
26,3,37,A
16,1,83,A
4,13,46,C
28,7,24,A
22,13,14,B
29,5,5,A
15,5,53,A
12,7,88,B
5,1,98,B
23,8,95,A
16,12,30,B
14,14,60,C
10,10,73,C
7,5,91,B
13,8,28,B
20,10,26,B
28,10,18,B
29,5,36,A
5,12,8,C
29,7,18,A
3,10,84,C
15,3,58,A
4,2,32,B
15,6,93,A
14,5,49,B
20,9,48,A
19,10,82,B
13,4,71,B
10,11,65,C
21,3,92,A
5,9,33,B
27,8,50,A
23,6,4,A
20,1,84,A
29,14,36,B
20,10,95,B
25,13,28,B
6,12,3,C
4,11,6,C
2,1,45,B
22,12,23,B
16,6,7,A
18,13,61,B
5,3,65,B
22,3,6,A
4,6,24,B
13,13,37,C
19,3,45,A
23,13,51,B
2,11,88,C
13,10,45,C
11,6,63,B
22,5,29,A
29,4,96,A
4,8,25,B
22,2,10,A
20,12,35,B
20,14,55,B
15,11,25,B
4,7,91,B
9,4,45,B
7,2,96,B
19,7,12,A
19,13,4,C
6,1,90,B
6,4,67,B
20,9,17,A
15,14,73,B
15,4,93,A
25,12,65,B
20,13,82,B
9,3,53,B
4,10,84,C
18,10,57,B
18,2,98,A
5,14,28,C
20,3,99,A
23,1,16,A
11,10,21,C
5,8,77,B
22,1,99,A
26,3,42,A
4,14,54,C
29,3,32,A
12,13,38,C
2,2,70,B
13,14,38,C
10,5,54,B
9,10,60,C
10,3,77,B
7,3,77,B
4,8,47,B
19,4,12,A
10,4,53,B
3,3,33,B
25,11,28,B
21,1,3,A
29,8,82,A
19,1,26,A
21,7,54,A
2,5,40,B
27,4,66,A
20,4,68,A
10,8,92,B
2,11,92,C
2,11,89,C
28,13,90,B
24,14,47,B
17,6,2,A
16,14,42,B
16,12,34,B
14,1,94,B
7,14,21,C
21,10,44,B
11,8,87,B
24,13,97,B
1,14,2,C
11,2,91,B
23,6,59,A
21,9,86,A
4,1,98,B
7,6,16,B
26,8,20,A
15,10,26,B
18,13,16,B
12,2,70,B
17,5,23,A
1,6,42,B
11,5,37,B
28,3,72,A
1,4,6,B
15,7,37,A
28,4,22,A
21,9,6,A
10,11,32,C
7,12,17,C
2,14,38,C
10,13,17,C
24,13,37,B
4,10,23,C
12,2,49,B
19,5,61,A
26,8,49,A
11,14,61,C
8,5,77,B
18,10,32,B
11,12,86,C
11,8,63,B
13,8,7,B
3,9,22,B
12,10,85,C
3,6,6,B
10,12,61,C
27,4,14,A
17,12,16,B
22,11,3,C
2,3,9,B
17,12,47,B
16,14,85,B
2,5,94,B
28,6,94,A
22,3,42,A
20,2,42,A
6,7,96,B
28,11,23,B
25,5,3,A
29,9,1,A
10,3,67,B
28,14,71,B
10,8,3,A
8,6,49,B
1,4,67,B
13,12,55,C
24,12,4,C
9,9,31,B
22,5,66,A
10,10,78,C
15,6,64,A
5,14,31,C
22,13,63,B
16,9,66,A
13,7,31,B
22,12,47,B
25,5,22,A
20,2,74,A
18,4,94,A
11,2,97,B
27,3,83,A
9,10,46,C
16,12,89,B
2,3,58,B
26,4,61,A
25,6,46,A
2,12,1,C
12,3,96,B
8,10,25,C
9,14,61,C
12,1,81,B
26,1,14,A
9,9,45,B
10,9,77,B
25,5,39,A
2,9,66,B
16,11,32,B
20,7,96,A
7,9,58,B
28,12,56,B
2,7,6,B
1,9,89,B
19,2,67,A
28,11,82,B
4,11,50,C
24,8,38,A
22,7,3,A
27,6,5,A
2,5,24,B
25,4,54,A
14,7,34,B
2,3,39,B
29,8,88,A
15,2,92,A
12,1,48,B
5,11,49,C
28,2,34,A
20,9,80,A
29,5,7,A
7,11,18,C
24,8,70,A
21,3,92,A
10,7,34,B
14,2,51,B
14,8,93,B
5,14,68,C
18,7,14,A
24,12,69,B
14,5,89,B
2,12,8,C
26,11,15,B
12,4,83,B
22,1,59,A
24,5,11,A
6,12,20,C
4,9,55,B
13,10,36,C
4,4,82,B
22,13,14,B
14,9,58,B
16,12,38,B
29,2,89,A
4,4,80,B
24,9,82,A
25,4,1,A
1,5,65,B
13,11,1,C
4,8,85,B
20,1,60,A
18,1,25,A
6,9,91,B
3,9,10,B
23,4,50,A
13,13,12,C
27,2,92,A
16,13,32,B
27,9,33,A
5,14,72,C
4,4,26,B
21,6,42,A
8,12,50,C
19,1,61,A
14,12,41,C
7,9,57,B
14,5,2,A
6,3,99,B
12,4,98,B
16,1,70,A
17,14,31,B
13,9,23,B
23,14,76,B
14,8,54,B
29,4,28,A
7,2,79,B
14,14,19,C
15,9,76,A
12,4,48,B
17,9,2,A
9,10,11,C
22,3,44,A
15,7,59,A
12,7,59,B
2,10,38,C
5,13,25,C
13,4,21,B
27,2,42,A
20,11,36,B
23,9,9,A
8,4,12,B
27,8,10,A
14,14,59,C
15,2,5,A
11,8,33,B
1,11,69,C
21,10,80,B
3,5,63,B
17,7,29,A
28,7,18,A
19,12,93,B
14,9,6,B
22,3,53,A
23,10,82,B
8,4,32,B
13,10,42,C
27,4,47,A
20,13,31,B
3,10,62,C
5,5,56,B
9,14,11,C
29,6,26,A
6,3,92,B
25,13,27,B
22,4,83,A
2,3,57,B
13,2,27,B
5,10,59,C
28,12,62,B
27,9,20,A
25,1,3,A
8,2,16,B
23,8,44,A
1,7,93,B
20,12,79,B
12,1,30,B
23,5,40,A
11,10,65,C
7,6,29,B
15,5,30,A
22,4,32,A
24,14,10,B
11,13,91,C
29,1,51,A
22,7,8,A
26,9,51,A
16,6,36,A
3,3,55,B
20,10,35,B
14,14,36,C
3,4,56,B
1,10,36,C
26,5,89,A
21,12,84,B
15,12,61,B
1,1,62,B
17,5,81,A
2,1,87,B
29,9,25,A
20,7,64,A
6,3,60,B
8,9,57,B
29,2,95,A
16,12,70,B
19,7,99,A
1,9,52,B
3,6,56,B
28,10,63,B
3,5,68,B
5,12,20,C
27,7,54,A
12,14,1,C
12,6,90,B
20,5,98,A
13,14,10,C
20,2,23,A
9,8,51,B
7,13,24,C
4,7,13,B
19,6,29,A
22,5,58,A
19,5,91,A
6,9,95,B
27,1,43,A
13,9,10,B
11,6,31,B
13,4,74,B
13,10,88,C
28,14,97,B
25,7,14,A
22,9,99,A
28,5,34,A
20,14,17,B
15,5,21,A
21,8,96,A
13,7,67,B
22,13,58,B
11,13,79,C
19,8,8,A
8,11,96,C
20,12,38,B
8,10,26,C
10,2,64,B
26,9,30,A
16,3,9,A
19,6,32,A
26,6,11,A
23,2,86,A
11,12,34,C
13,13,18,C
28,7,19,A
9,9,54,B
20,12,82,B
24,10,37,B
19,11,82,B
16,1,12,A
7,8,4,A
19,2,43,A
12,14,27,C
15,1,51,A
23,8,5,A
14,2,6,B
11,6,77,B
26,6,87,A
10,5,56,B
27,8,89,A
11,3,68,B
6,13,96,C
2,10,44,C
11,4,15,B
19,7,90,A
6,7,42,B
14,13,11,C
20,12,73,B
6,14,11,C
17,8,66,A
10,2,27,B
28,11,58,B
1,12,90,C
3,2,72,B
8,4,21,B
8,13,21,C
27,10,72,B
20,13,1,C
22,9,58,A
15,10,13,B
24,12,73,B
7,9,92,B
11,13,6,C
7,13,87,C
29,4,58,A
4,9,17,B
25,14,73,B
12,3,12,B
26,12,86,B
6,5,52,B
14,10,76,C
12,9,70,B
11,6,73,B
19,3,52,A
21,10,37,B
5,9,3,A
14,6,98,B
21,4,8,A
24,14,10,B
16,4,47,A
25,8,41,A
13,7,64,B
25,1,42,A
29,6,43,A
22,8,9,A
22,3,14,A
25,14,91,B
20,9,96,A
22,10,4,C
4,2,2,A
11,14,97,C
17,6,85,A
7,12,1,C
14,1,75,B
26,12,65,B
11,11,46,C
28,2,59,A
22,13,75,B
9,5,7,B
23,1,66,A
13,8,15,B
23,1,72,A
18,13,47,B
28,9,90,A
11,10,40,C
15,11,42,B
25,3,51,A
26,12,35,B
25,2,41,A
22,1,85,A
29,9,57,A
19,4,38,A
1,12,72,C
4,1,96,B
14,1,8,B
14,7,74,B
3,2,63,B
28,7,87,A
17,12,4,C
3,7,48,B
16,10,52,B
14,14,38,C
20,9,94,A
29,13,87,B
13,7,5,B
15,13,85,B
14,14,70,C
24,1,81,A
25,12,89,B
19,13,24,B
6,8,86,B
10,8,77,B
27,4,17,A
15,13,78,B
21,8,98,A
22,4,90,A
20,8,83,A
26,5,26,A
6,4,3,A
23,6,2,A
25,2,92,A
10,12,2,C
7,2,22,B
22,2,71,A
17,9,4,A
18,14,38,B
17,10,84,B
9,3,70,B
10,10,73,C
10,4,52,B
25,10,31,B
7,12,26,C
16,8,36,A
29,4,26,A
18,11,28,B
6,10,5,C
27,10,74,B
20,13,18,B
1,7,15,B
1,5,57,B
12,9,97,B
21,4,5,A
28,3,37,A
2,13,86,C
4,2,86,B
17,1,22,A
4,11,52,C
11,6,15,B
22,10,17,B
26,2,51,A
4,8,45,B
1,6,63,B
7,12,28,C
18,12,59,B
9,5,86,B
29,13,21,B
3,2,42,B
8,7,81,B
29,2,69,A
24,13,82,B
19,14,17,B
4,5,68,B
18,2,7,A
20,11,89,B
27,10,40,B
11,11,40,C
27,11,43,B
14,2,73,B
25,7,83,A
18,9,51,A
28,5,73,A
28,7,23,A
29,4,95,A
16,2,32,A
3,3,31,B
15,2,17,A
27,5,58,A
27,6,86,A
4,7,35,B
5,3,30,B
17,4,64,A
7,8,53,B
16,4,51,A
14,7,37,B
26,12,90,B
16,6,6,A
7,7,34,B
9,1,56,B
4,3,96,B
22,6,25,A
11,3,13,B
2,14,63,C
12,14,66,C
12,7,5,B
4,9,75,B
18,3,11,A
26,14,88,B
21,1,78,A
7,10,94,C
29,13,44,B
1,6,99,B
26,12,85,B
26,1,69,A
23,1,2,A
26,14,40,B
13,8,37,B
6,9,49,B
6,2,98,B
12,9,75,B
8,5,36,B
24,13,75,B
22,8,73,A
19,7,70,A
5,7,34,B
18,4,58,A
5,2,37,B
25,5,96,A
10,14,60,C
1,11,12,C
10,11,32,C
5,3,81,B
12,14,4,C
22,9,33,A
27,6,43,A
7,1,9,B
9,3,98,B
22,12,51,B
21,4,94,A
12,9,20,B
23,11,39,B
29,6,23,A
1,4,41,B
11,1,44,B
21,8,35,A
15,14,23,B
2,11,58,C
20,2,48,A
7,11,87,C
21,11,58,B
12,8,57,B
22,6,87,A
18,8,39,A
3,6,28,B
7,5,64,B
11,5,62,B
18,14,83,B
12,14,62,C
6,10,94,C
5,10,85,C
26,11,88,B
1,8,85,B
12,7,26,B
27,8,51,A
26,12,50,B
11,8,36,B
4,7,26,B
27,2,33,A
18,11,68,B
4,9,73,B
17,13,8,B
2,7,66,B
29,12,93,B
24,11,23,B
22,6,70,A
2,9,55,B
12,13,43,C
6,1,21,B
10,11,22,C
25,2,9,A
23,13,34,B
25,1,59,A
21,10,26,B
23,12,1,C
27,3,5,A
16,11,41,B
14,5,63,B
7,1,22,B
28,4,68,A
28,14,48,B
19,13,66,B
23,8,16,A
17,6,80,A
9,13,53,C
26,1,86,A
13,12,65,C
22,1,79,A
5,3,64,B
23,14,88,B
5,10,68,C
10,8,63,B
21,11,62,B
27,11,82,B
10,14,81,C
27,8,71,A
7,13,45,C
26,3,52,A
15,7,74,A
7,12,65,C
29,3,2,A
27,4,49,A
15,9,22,A
3,13,96,C
19,4,29,A
10,3,35,B
28,5,81,A
29,7,76,A
15,5,24,A
3,4,94,B
6,8,30,B
12,4,84,B
15,2,42,A
6,10,71,C
13,13,50,C
29,14,71,B
19,6,60,A
3,2,30,B
8,3,12,B
8,1,49,B
23,5,95,A
26,9,82,A
20,2,46,A
15,12,43,B
4,7,2,A
19,5,97,A
21,2,75,A
3,8,98,B
13,11,80,C
8,13,54,C
23,13,35,B
16,6,52,A
13,4,33,B
3,13,85,C
16,4,84,A
9,2,72,B
28,3,51,A
14,7,26,B
13,3,97,B
21,13,62,B
25,5,61,A
7,10,26,C
15,6,37,A
7,6,30,B
6,14,95,C
2,4,97,B
9,6,11,B
22,3,53,A
24,7,41,A
17,7,5,A
5,4,66,B
12,2,13,B
1,11,63,C
10,7,82,B
11,3,90,B
16,1,25,A
14,2,44,B
8,10,14,C
24,9,69,A
17,12,59,B
25,8,56,A
18,14,52,B
12,6,66,B
25,14,68,B
17,6,12,A
28,14,75,B
26,1,68,A
14,2,43,B
16,4,73,A
14,3,74,B
9,14,91,C
4,1,6,B
25,8,15,A
23,7,42,A
11,4,31,B
6,12,86,C
15,12,53,B
5,9,6,B
11,11,33,C
25,14,29,B
18,4,21,A
13,1,54,B
11,10,56,C
14,1,94,B
28,1,21,A
18,1,55,A
27,4,58,A
28,1,64,A
25,2,86,A
28,4,46,A
19,7,84,A
24,2,22,A
27,8,60,A
15,13,11,B
9,7,47,B
8,9,31,B
20,14,77,B
28,6,18,A
1,4,22,B
4,6,56,B
14,4,17,B
25,7,38,A
2,9,25,B
16,3,32,A
3,3,15,B
26,2,13,A
8,1,58,B
6,14,90,C
16,1,50,A
24,13,11,B
16,3,13,A
7,14,97,C
13,7,50,B
13,11,38,C
5,9,1,A
25,14,39,B
20,2,27,A
22,7,36,A
18,1,32,A
15,2,41,A
18,6,15,A
2,11,31,C
10,5,6,B
23,8,89,A
13,12,52,C
18,11,82,B
15,2,22,A
12,1,31,B
15,7,73,A
13,6,46,B
18,8,67,A
15,11,97,B
25,13,91,B
23,14,43,B
11,8,1,A
19,2,44,A
3,14,57,C
7,8,9,B
21,6,5,A
26,9,79,A
14,12,9,C
14,7,45,B
22,2,92,A
13,8,77,B
12,9,24,B
24,7,74,A
9,4,42,B
1,9,22,B
19,4,60,A
11,12,86,C
23,4,37,A
22,9,39,A
23,14,84,B
24,8,74,A
22,4,74,A
19,14,90,B
18,8,89,A
12,8,53,B
23,7,28,A
28,10,77,B
28,13,15,B
28,6,60,A
27,8,60,A
1,7,6,B
19,5,52,A
28,12,12,B
27,13,19,B
20,13,96,B
29,4,75,A
17,14,97,B
5,12,2,C
26,2,55,A
3,11,15,C
2,8,64,B
3,9,69,B
8,4,15,B
16,4,43,A
6,5,74,B
13,2,17,B
23,7,98,A
28,5,24,A
22,6,74,A
22,4,30,A
16,8,67,A
28,8,51,A
16,12,60,B
3,5,3,A
28,12,5,B
13,6,28,B
14,3,78,B
8,1,11,B
12,9,72,B
23,9,72,A
23,3,76,A
22,4,15,A
21,13,83,B
26,7,48,A
8,2,46,B
21,12,28,B
25,3,7,A
9,6,71,B
1,11,94,C
6,8,82,B
23,1,88,A
19,4,6,A
23,1,58,A
11,2,68,B
11,8,55,B
23,6,67,A
13,9,49,B
11,2,51,B
18,3,59,A
23,9,6,A
15,9,90,A
1,13,51,C
21,6,38,A
25,14,11,B
7,3,52,B
23,5,93,A
27,2,20,A
13,7,10,B
12,10,26,C
18,11,48,B
24,8,91,A
19,6,14,A
15,8,59,A
8,2,12,B
19,3,23,A
10,7,85,B
7,10,72,C
18,12,39,B
16,1,9,A
20,7,88,A
27,6,95,A
6,8,25,B
27,7,17,A
9,4,42,B
21,3,29,A
13,3,60,B
25,4,67,A
21,9,85,A
26,9,57,A
8,13,72,C
16,2,14,A
13,5,39,B
13,1,16,B
17,4,18,A
23,2,95,A
20,8,75,A
5,4,20,B
22,5,46,A
21,11,45,B
28,4,4,A
17,5,84,A
28,5,95,A
9,5,20,B
2,11,11,C
25,3,65,A
26,7,18,A
18,3,39,A
9,2,44,B
6,3,97,B
11,11,18,C
25,3,47,A
29,8,31,A
6,4,99,B
6,3,39,B
13,10,38,C
11,5,79,B
14,4,47,B
2,9,70,B
8,8,8,B
3,11,86,C
23,7,65,A
21,8,13,A
3,13,55,C
1,5,88,B
24,4,85,A
19,7,43,A
18,1,4,A
17,6,71,A
20,8,60,A
29,7,12,A
24,2,59,A
13,14,77,C
3,13,54,C
1,14,44,C
4,7,16,B
25,13,6,B
13,6,14,B
17,13,58,B
28,5,31,A
11,4,41,B
2,1,35,B
25,13,10,B
16,2,81,A
2,7,30,B
29,10,44,B
19,3,55,A
23,5,71,A
19,8,18,A
25,13,83,B
16,13,79,B
22,8,86,A
19,6,39,A
9,5,42,B
1,13,54,C
10,2,30,B
19,9,20,A
1,1,96,B
2,11,42,C
16,2,89,A
12,13,87,C
8,1,5,B
23,12,50,B
18,4,41,A
2,4,94,B
25,5,39,A
29,5,57,A
13,8,91,B
6,11,57,C
21,11,37,B
26,3,7,A
6,6,5,B
9,12,79,C
16,13,51,B
11,12,8,C
7,3,56,B
10,13,73,C
10,2,11,B
25,8,22,A
20,1,98,A
18,9,99,A
28,11,77,B
24,7,11,A
20,12,60,B
29,10,96,B
9,13,15,C
15,12,38,B
4,11,1,C
8,4,46,B
9,3,88,B
13,6,43,B
9,9,22,B
26,9,3,A
4,4,14,B
17,10,2,C
16,5,61,A
15,11,32,B
3,13,38,C
25,9,97,A
20,2,46,A
5,2,42,B
23,5,6,A
5,1,41,B
20,8,25,A
15,5,98,A
18,12,11,B
15,10,41,B
2,2,71,B
29,12,57,B
13,9,46,B
4,2,86,B
10,7,48,B
13,8,63,B
10,14,39,C
29,6,10,A
9,14,85,C
8,11,70,C
3,7,65,B
16,11,98,B
14,1,59,B
9,4,78,B
21,13,36,B
11,7,27,B
3,1,73,B
5,13,55,C
29,1,70,A
10,11,95,C
13,6,81,B
4,4,53,B
24,3,60,A
13,12,61,C
12,5,36,B
5,9,85,B
10,10,27,C
28,10,41,B
24,12,28,B
9,14,16,C
20,14,35,B
7,12,36,C
2,11,56,C
22,10,99,B
24,3,19,A
28,5,57,A
23,10,85,B
7,5,33,B
8,9,23,B
7,11,63,C
21,12,70,B
23,10,96,B
29,11,22,B
14,4,67,B
26,1,99,A
19,10,80,B
5,5,59,B
23,1,25,A
25,6,17,A
18,12,39,B
20,10,77,B
12,10,92,C
23,7,75,A
17,1,74,A
13,10,39,C
2,4,24,B
25,9,38,A
13,13,88,C
26,1,97,A
7,9,81,B
28,8,57,A
10,5,44,B
23,6,36,A
6,7,99,B
3,4,70,B
26,14,80,B
3,14,45,C
18,6,92,A
11,7,96,B
22,11,26,B
20,6,11,A
5,11,52,C
19,13,25,B
22,12,31,B
27,6,85,A
28,2,45,A
19,5,67,A
15,3,76,A
16,7,40,A
24,4,46,A
9,1,54,B
4,12,41,C
15,12,89,B
25,6,81,A
12,6,38,B
23,7,36,A
3,11,83,C
23,8,44,A
14,3,57,B
17,14,66,B
19,6,81,A
6,10,30,C
4,2,10,B
7,13,99,C
19,14,61,B
17,9,63,A
25,2,36,A
16,3,54,A
15,12,97,B
22,13,65,B
8,10,82,C
19,12,4,C
8,12,55,C
18,2,54,A
28,9,91,A
16,1,89,A
20,5,64,A
19,1,92,A
10,5,22,B
17,8,25,A
13,8,81,B
13,11,59,C
7,8,57,B
27,2,54,A
10,8,44,B
2,12,52,C
4,5,76,B
25,1,16,A
6,7,16,B
24,13,81,B
18,6,55,A
23,5,61,A
6,1,95,B
29,14,79,B
25,14,77,B
23,1,40,A
17,6,91,A
14,10,21,C
24,12,66,B
11,7,8,B
26,10,71,B
19,10,10,B
2,1,57,B
28,9,4,A
3,4,43,B
11,5,99,B
6,2,63,B
29,14,43,B
14,12,67,C
19,10,82,B
26,13,51,B
16,8,56,A
21,14,43,B
22,2,24,A
24,3,96,A
7,12,34,C
27,9,59,A
8,2,2,A
19,14,2,C
20,6,10,A
16,12,23,B
22,4,15,A
27,7,76,A
7,14,17,C
9,14,82,C
13,6,14,B
1,10,81,C
29,14,79,B
8,9,76,B
24,14,16,B
22,9,32,A
4,10,23,C
3,4,34,B
27,1,98,A
3,2,16,B
22,8,34,A
13,14,71,C
8,10,33,C
7,8,68,B
27,14,43,B
1,2,64,B
27,4,71,A
16,1,18,A
6,7,68,B
7,4,61,B
12,11,75,C
23,14,20,B
9,8,11,B
27,9,79,A
11,12,46,C
10,9,64,B
21,3,81,A
1,5,98,B
18,6,76,A
4,6,28,B
5,10,48,C
9,8,35,B
27,6,8,A
17,6,91,A
3,4,22,B
16,7,24,A
5,14,66,C
16,14,95,B
3,8,86,B
20,3,64,A
15,7,65,A
3,3,14,B
20,8,25,A
14,1,3,A
16,1,5,A
29,14,65,B
29,6,54,A
17,10,19,B
28,9,97,A
24,12,54,B
20,14,94,B
23,4,76,A
18,6,10,A
18,12,98,B
22,5,16,A
14,12,46,C
18,1,29,A
15,6,15,A
15,9,48,A
6,12,11,C
27,3,34,A
15,11,36,B
18,3,30,A
4,14,99,C
23,2,73,A
8,13,82,C
15,4,19,A
3,10,68,C
15,3,70,A
13,12,33,C
9,2,96,B
2,1,80,B
24,3,75,A
8,10,22,C
29,6,36,A
20,9,23,A
17,11,63,B
13,5,26,B
1,3,60,B
2,14,95,C
15,5,93,A
12,5,5,B
14,5,54,B
25,12,38,B
29,12,62,B
2,7,25,B
18,5,98,A
22,7,12,A
7,9,22,B
29,5,9,A
23,2,84,A
29,5,29,A
25,8,44,A
6,12,93,C
14,4,27,B
8,2,55,B
27,10,81,B
22,3,5,A
2,9,52,B
17,9,13,A
5,8,42,B
14,8,15,B
25,8,79,A
24,8,18,A
29,8,50,A
20,1,2,A
21,6,87,A
29,12,13,B
21,9,68,A
22,8,47,A
3,3,89,B
5,11,75,C
16,1,50,A
18,2,12,A
26,11,13,B
17,2,9,A
11,7,59,B
17,12,45,B
16,6,70,A
26,11,43,B
23,2,74,A
2,8,23,B
4,9,79,B
21,7,45,A
7,4,23,B
2,13,34,C
6,13,16,C
17,1,63,A
7,4,51,B
25,4,32,A
5,8,38,B
5,4,56,B
20,4,69,A
16,13,17,B
19,2,86,A
9,12,39,C
5,10,41,C
8,7,48,B
9,4,82,B
5,11,28,C
10,6,77,B
25,3,50,A
2,7,1,A
9,6,50,B
11,3,19,B
4,4,98,B
22,10,59,B
22,14,68,B
22,5,67,A
2,9,41,B
23,14,10,B
29,6,28,A
6,13,34,C
27,4,39,A
14,11,83,C
1,11,56,C
18,7,52,A
7,2,3,A
1,4,23,B
1,5,17,B
1,4,71,B
24,4,26,A
4,11,18,C
4,13,46,C
29,9,70,A
18,14,31,B
27,11,93,B
11,13,9,C
27,2,35,A
1,6,81,B
28,14,60,B
10,8,76,B
9,8,63,B
23,11,52,B
4,7,48,B
28,10,61,B
6,11,24,C
16,4,74,A
2,7,58,B
23,13,64,B
18,10,30,B
10,6,29,B
24,11,10,B
24,6,39,A
17,2,55,A
13,8,28,B
24,8,18,A
18,14,41,B
22,11,81,B
13,7,75,B
17,11,65,B
5,9,81,B
11,8,46,B
7,14,60,C
29,9,9,A
10,9,45,B
17,6,60,A
15,2,28,A
18,12,97,B
23,7,3,A
22,3,51,A
19,13,8,B
26,7,70,A
2,9,59,B
26,10,61,B
4,14,58,C
3,10,70,C
7,2,93,B
24,14,12,B
18,13,9,B
10,6,49,B
7,13,83,C
8,6,17,B
6,9,54,B
22,13,44,B
26,9,32,A
1,13,35,C
4,5,78,B
14,14,49,C
17,5,54,A
20,9,16,A
18,8,85,A
11,7,12,B
29,8,88,A
21,6,98,A
26,3,8,A
14,7,21,B
9,8,48,B
27,8,8,A
15,1,28,A
12,7,80,B
10,3,10,B
19,2,52,A
24,14,15,B
19,2,4,A
6,14,90,C
20,14,79,B
24,8,96,A
27,9,62,A
6,3,4,A
8,14,41,C
1,3,73,B
22,6,99,A
17,11,55,B
17,10,28,B
24,1,47,A
15,6,9,A
7,12,2,C
19,3,67,A
22,11,48,B
25,4,69,A
23,9,74,A
28,3,28,A
3,1,79,B
29,3,14,A
22,7,46,A
11,13,87,C
20,7,13,A
29,11,16,B
19,5,94,A
9,14,40,C
10,1,72,B
2,11,81,C
1,8,30,B
16,10,81,B
18,8,99,A
23,10,65,B
26,12,58,B
17,10,88,B
6,13,48,C
14,10,49,C
23,2,89,A
25,10,2,C
15,3,89,A
14,4,14,B
24,1,97,A
22,4,17,A
3,5,31,B
24,3,10,A
23,14,70,B
19,11,89,B
25,10,37,B
12,2,64,B
2,13,30,C
3,6,34,B
18,8,18,A
29,7,88,A
1,11,63,C
20,14,49,B
21,1,56,A
29,4,91,A
6,3,58,B
5,6,27,B
1,9,55,B
19,9,85,A
1,7,19,B
27,12,23,B
21,9,47,A
21,8,79,A
16,5,66,A
12,9,99,B
27,14,51,B
29,7,84,A
22,5,28,A
8,8,57,B
26,7,58,A
16,9,15,A
28,10,16,B
1,1,97,B
4,13,47,C
10,9,63,B
11,7,12,B
17,1,43,A
25,1,84,A
27,5,29,A
23,8,49,A
7,9,3,A
12,12,69,C
21,6,60,A
7,12,66,C
12,13,87,C
15,10,90,B
2,12,26,C
14,8,71,B
13,6,74,B
4,11,69,C
14,6,47,B
14,4,76,B
16,11,96,B
7,5,42,B
19,14,31,B
2,2,22,B
10,3,17,B
18,3,84,A
29,14,20,B
17,12,8,B
5,11,98,C
12,5,49,B
6,14,87,C
22,5,38,A
9,6,53,B
20,5,28,A
1,12,77,C
22,6,29,A
15,8,72,A
21,2,11,A
26,4,47,A
6,13,45,C
19,6,18,A
18,12,50,B
6,5,89,B
13,1,49,B
1,9,22,B
23,3,45,A
23,2,61,A
26,9,99,A
13,7,93,B
7,5,21,B
15,12,71,B
12,6,61,B
27,12,76,B
26,11,36,B
1,4,24,B
15,1,32,A
4,4,91,B
13,9,96,B
23,1,59,A
27,10,96,B
25,3,96,A
5,5,90,B
29,7,75,A
2,9,82,B
23,6,5,A
26,3,16,A
1,13,11,C
16,7,35,A
23,14,75,B
6,4,42,B
23,3,87,A
16,14,98,B
14,7,81,B
29,11,10,B
26,11,82,B
3,7,8,B
15,4,26,A
3,12,3,C
23,7,59,A
29,11,88,B
2,14,3,C
1,2,38,B
9,1,2,A
9,12,99,C
23,2,17,A
7,4,73,B
3,8,36,B
26,3,86,A
18,10,95,B
11,6,98,B
7,6,88,B
9,13,73,C
1,9,2,A
29,9,85,A
14,4,34,B
20,9,27,A
6,13,37,C
7,6,71,B
10,2,22,B
7,10,68,C
26,14,14,B
2,11,98,C
4,6,23,B
21,2,44,A
28,8,89,A
17,4,65,A
1,5,79,B
10,8,96,B
19,14,78,B
15,11,61,B
10,8,85,B
19,12,55,B
12,14,71,C
24,12,85,B
16,6,50,A
9,4,12,B
15,1,79,A
27,12,15,B
28,7,17,A
17,8,34,A
14,9,35,B
27,2,39,A
18,1,78,A
26,4,55,A
2,13,59,C
4,5,5,B
18,10,30,B
7,12,4,C
13,1,15,B
15,5,35,A
25,6,74,A
23,3,55,A
28,12,66,B
22,7,60,A
26,14,24,B
1,6,92,B
11,4,22,B
10,3,44,B
25,5,32,A
5,3,95,B
16,10,83,B
11,9,51,B
21,9,85,A
6,6,3,A
9,13,70,C
13,11,32,C
24,6,2,A
8,12,88,C
14,14,59,C
24,4,91,A
1,4,73,B
17,2,77,A
24,10,14,B
5,4,51,B
25,8,11,A
2,13,78,C
25,10,80,B
28,2,10,A
24,9,84,A
9,14,80,C
4,1,58,B
17,13,34,B
17,2,80,A
21,2,78,A
18,11,53,B
16,13,28,B
8,14,18,C
26,6,26,A
11,14,7,C
21,7,45,A
21,13,98,B
18,3,45,A
23,11,71,B
29,9,97,A
24,5,35,A
10,5,52,B
13,11,21,C
17,12,28,B
18,4,96,A
10,9,44,B
16,8,80,A
20,12,56,B
5,4,10,B
13,4,23,B
18,2,48,A
17,9,52,A
9,3,15,B
14,4,55,B
17,14,43,B
29,7,50,A
4,10,6,C
18,8,33,A
27,8,62,A
20,4,55,A
24,7,39,A
24,10,12,B
15,1,31,A
11,6,74,B
12,6,53,B
9,6,34,B
13,12,41,C
15,2,10,A
27,8,52,A
15,14,75,B
28,5,57,A
5,5,78,B
23,2,3,A
19,4,57,A
26,12,33,B
20,9,7,A
26,9,4,A
25,6,39,A
26,11,48,B
26,9,74,A
14,4,79,B
28,11,16,B
17,1,38,A
18,2,4,A
21,13,4,C
3,1,27,B
2,8,86,B
1,9,86,B
10,10,17,C
19,12,98,B
17,6,96,A
12,2,70,B
1,6,54,B
12,9,97,B
17,12,8,B
24,3,53,A
3,9,5,B
11,2,69,B
17,11,47,B
23,5,74,A
26,11,40,B
3,2,7,B
8,7,12,B
20,11,94,B
4,10,25,C
21,9,28,A
22,7,43,A
7,12,77,C
14,5,47,B
14,4,49,B
4,12,86,C
16,4,54,A
24,10,18,B
29,8,27,A
22,10,72,B
1,13,6,C
17,10,75,B
25,14,93,B
10,10,69,C
22,10,71,B
16,10,22,B
16,1,59,A
26,5,47,A
8,14,68,C
29,2,32,A
7,13,83,C
28,11,97,B
6,9,1,A
16,7,54,A
20,10,46,B
16,8,41,A
7,6,41,B
9,9,8,B
14,6,32,B
11,7,30,B
26,7,46,A
26,9,92,A
14,11,52,C
7,8,96,B
1,13,89,C
26,1,98,A
25,4,61,A
13,7,97,B
20,11,13,B
3,8,89,B
20,7,40,A
4,12,61,C
29,3,44,A
26,4,62,A
11,12,44,C
2,7,48,B
14,8,74,B
12,7,59,B
17,6,57,A
12,9,95,B
26,9,11,A
12,11,25,C
1,13,61,C
13,7,46,B
14,8,54,B
24,6,34,A
2,1,84,B
12,1,7,B
26,6,97,A
21,2,62,A
28,14,57,B
16,8,99,A
4,1,93,B
8,13,76,C
2,2,5,B
10,8,76,B
9,12,93,C
23,6,35,A
15,12,84,B
13,10,37,C
23,2,60,A
17,2,65,A
16,11,16,B
28,14,30,B
2,7,73,B
20,5,42,A
20,5,61,A
27,8,74,A
14,12,77,C
3,12,48,C
23,7,62,A
12,12,84,C
8,14,93,C
2,9,64,B
4,4,57,B
14,10,68,C
16,4,46,A
19,2,28,A
2,3,77,B
12,1,3,A
29,1,37,A
14,7,48,B
6,14,19,C
13,14,92,C
4,5,83,B
22,3,17,A
18,7,82,A
12,14,82,C
20,2,87,A
27,3,40,A
22,1,50,A
21,8,73,A
19,2,29,A
8,7,51,B
7,11,42,C
16,9,29,A
19,6,66,A
6,2,17,B
20,2,31,A
27,9,92,A
21,10,52,B
11,8,39,B
5,14,60,C
16,14,94,B
7,14,99,C
27,9,51,A
5,4,84,B
11,4,16,B
15,2,98,A
3,14,14,C
26,10,90,B
5,1,84,B
23,10,42,B
21,13,51,B
5,4,24,B
9,10,82,C
15,10,43,B
3,11,73,C
29,8,19,A
6,2,84,B
17,13,61,B
26,12,94,B
21,11,63,B
8,8,26,B
21,1,95,A
25,1,35,A
11,4,67,B
6,7,56,B
8,9,40,B
10,5,29,B
24,2,6,A
29,12,52,B
3,7,1,A
23,11,52,B
14,2,24,B
23,9,34,A
14,9,7,B
10,3,75,B
12,13,11,C
6,8,36,B
12,11,20,C
23,4,63,A
14,3,80,B
2,1,63,B
9,5,69,B
10,13,88,C
26,14,30,B
17,11,30,B
17,4,97,A
3,1,84,B
19,10,22,B
1,8,61,B
12,8,21,B
7,13,37,C
4,8,27,B
10,3,35,B
13,6,38,B
2,12,60,C
10,12,70,C
21,7,32,A
22,9,80,A
25,5,92,A
4,9,80,B
18,6,27,A
5,10,3,C
19,10,49,B
2,10,85,C
12,4,30,B
17,13,22,B
10,1,19,B
2,1,31,B
6,14,20,C
8,10,19,C
29,5,2,A
19,13,40,B
11,14,39,C
25,3,91,A
12,5,72,B
9,5,54,B
2,1,27,B
8,14,79,C
26,8,12,A
11,5,78,B
28,5,71,A
21,9,17,A
4,8,90,B
10,13,84,C
21,1,10,A
20,3,19,A
16,12,82,B
8,7,30,B
4,1,30,B
29,1,25,A
10,5,88,B
12,9,74,B
29,6,66,A
14,10,96,C
16,2,35,A
22,11,51,B
18,9,71,A
21,6,71,A
22,5,27,A
21,5,10,A
12,12,97,C
18,3,43,A
7,14,55,C
20,6,71,A
24,13,6,B
23,4,6,A
7,13,77,C
9,12,48,C
1,10,77,C
26,14,2,C
6,2,83,B
6,13,51,C
22,3,61,A
29,9,19,A
12,11,2,C
22,11,51,B
12,9,26,B
10,6,70,B
23,10,20,B
26,10,23,B
6,14,54,C
17,9,15,A
19,4,6,A
18,11,92,B
6,5,35,B
24,10,75,B
19,6,8,A
10,13,57,C
24,9,50,A
8,13,49,C
21,5,88,A
24,8,21,A
6,11,36,C
21,1,71,A
25,5,69,A
7,10,58,C
24,1,63,A
1,10,93,C
27,14,16,B
18,6,6,A
24,7,78,A
28,12,52,B
25,14,2,C
20,5,89,A
12,1,95,B
16,6,77,A
10,10,18,C
27,5,81,A
10,6,92,B
14,11,76,C
25,10,35,B
20,7,86,A
10,7,39,B
10,2,1,A
26,12,37,B
25,3,21,A
11,12,1,C
23,6,4,A
2,3,96,B
25,2,58,A
20,4,1,A
8,5,13,B
23,11,46,B
29,10,47,B
7,9,81,B
8,3,76,B
1,3,7,B
21,6,51,A
2,5,3,A
18,6,50,A
15,7,26,A
1,11,31,C
5,3,62,B
2,13,26,C
20,5,67,A
3,8,55,B
19,4,28,A
18,10,44,B
29,2,81,A
22,4,38,A
18,2,30,A
14,3,66,B
24,4,8,A
8,4,14,B
29,10,99,B
12,9,62,B
21,10,75,B
10,6,63,B
23,9,79,A
20,4,66,A
17,9,96,A
11,11,40,C
2,13,13,C
26,9,17,A
26,6,15,A
4,5,33,B
1,3,16,B
15,14,13,B
13,5,86,B
8,3,23,B
25,5,36,A
4,5,43,B
10,2,50,B
19,14,74,B
18,14,81,B
5,9,94,B
19,7,13,A
26,14,30,B
23,6,57,A
27,5,30,A
22,4,71,A
16,8,10,A
1,2,99,B
12,8,66,B
24,1,94,A
2,10,83,C
21,1,39,A
25,3,37,A
8,5,3,A
18,14,89,B
25,6,34,A
16,4,86,A
5,7,38,B
26,7,14,A
22,2,64,A
13,2,39,B
19,2,54,A
29,14,2,C
3,2,96,B
26,13,43,B
8,9,53,B
27,14,3,C
26,5,41,A
26,11,8,B
12,8,90,B
2,5,96,B
11,13,75,C
12,11,63,C
28,5,65,A
18,1,79,A
13,6,4,A
5,4,68,B
22,3,92,A
12,6,10,B
2,2,75,B
5,8,50,B
7,1,23,B
26,12,61,B
26,9,47,A
24,8,3,A
12,1,17,B
16,10,22,B
23,12,91,B
8,9,16,B
28,2,80,A
9,3,3,A
15,2,52,A
5,13,33,C
13,14,42,C
5,8,2,A
11,2,39,B
10,10,46,C
20,2,48,A
13,1,27,B
9,7,15,B
21,12,7,B
14,2,57,B
18,10,42,B
15,5,9,A
10,5,6,B
24,3,57,A
7,3,76,B
8,13,30,C
28,12,55,B
3,3,84,B
15,6,84,A
16,14,54,B
4,4,27,B
21,13,84,B
6,3,59,B
1,2,7,B
4,13,40,C
11,3,94,B
12,4,72,B
26,6,2,A
29,4,14,A
5,8,10,B
23,3,50,A
29,12,18,B
21,3,18,A
16,3,16,A
13,8,52,B
13,4,69,B
17,1,52,A
27,2,31,A
7,13,84,C
8,14,23,C
13,10,96,C
23,13,42,B
27,13,81,B
16,14,62,B
29,2,77,A
4,14,50,C
8,3,77,B
16,6,81,A
21,8,15,A
10,12,90,C
25,1,44,A
12,9,92,B
12,1,42,B
26,10,45,B
5,2,94,B
16,3,35,A
1,7,22,B
28,9,74,A
9,3,75,B
12,8,38,B
5,9,97,B
22,10,70,B
20,7,64,A
22,4,7,A
28,4,44,A
24,4,76,A
3,6,7,B
5,4,66,B
2,5,60,B
14,9,1,A
2,12,62,C
13,7,87,B
7,8,89,B
10,5,18,B
13,5,7,B
16,13,54,B
26,11,67,B
14,7,93,B
11,11,10,C
10,13,61,C
6,14,59,C
4,12,59,C
21,8,69,A
1,9,63,B
7,14,98,C
24,2,8,A
9,3,78,B
8,12,55,C
5,12,6,C
19,2,1,A
10,10,56,C
11,7,97,B
25,12,75,B
15,2,88,A
6,12,10,C
15,14,23,B
5,2,16,B
29,14,16,B
19,14,56,B
22,2,95,A
19,12,6,B
10,13,30,C
12,4,63,B
22,1,1,A
4,2,51,B
18,3,89,A
16,7,46,A
8,10,21,C
4,1,99,B
25,6,38,A
23,3,69,A
12,3,63,B
2,4,50,B
4,13,12,C
5,4,69,B
3,7,73,B
9,3,44,B
29,8,52,A
21,8,9,A
18,11,99,B
11,13,65,C
3,7,10,B
25,2,46,A
23,5,58,A
2,6,37,B
9,12,52,C
14,10,99,C
4,4,81,B
29,13,13,B
9,10,6,C
13,5,58,B
18,14,48,B
15,9,32,A
28,11,11,B
10,7,81,B
16,2,5,A
12,11,6,C
20,1,74,A
5,2,97,B
2,3,94,B
10,11,21,C
1,2,42,B
7,11,81,C
26,3,27,A
17,10,3,C
16,11,60,B
27,11,93,B
27,12,66,B
24,14,93,B
3,12,49,C
14,9,34,B
10,4,37,B
22,12,42,B
7,9,65,B
26,11,60,B
17,3,90,A
6,12,1,C
23,1,59,A
22,11,4,C
4,5,14,B
17,10,18,B
27,10,34,B
9,14,1,C
4,2,53,B
7,4,22,B
23,2,80,A
2,2,61,B
17,13,22,B
24,3,50,A
8,5,16,B
23,4,28,A
15,2,92,A
15,11,86,B
8,14,70,C
16,14,89,B
19,10,42,B
11,2,66,B
2,14,71,C
23,6,81,A
24,7,35,A
17,12,20,B
28,10,2,C
26,6,7,A
16,7,96,A
25,1,49,A
15,6,83,A
13,11,76,C
15,3,9,A
27,1,27,A
4,8,78,B
16,4,2,A
12,10,85,C
4,8,68,B
3,10,60,C
22,14,85,B
17,11,86,B
22,4,49,A
18,4,2,A
25,12,17,B
18,14,83,B
23,10,88,B
28,4,20,A
17,6,76,A
12,14,89,C
23,9,87,A
21,5,98,A
24,12,32,B
4,13,51,C
12,10,88,C
26,14,42,B
23,8,63,A
22,8,89,A
21,4,61,A
20,11,62,B
15,10,3,C
23,9,89,A
28,9,92,A
16,5,76,A
5,6,26,B
21,5,48,A
15,3,8,A
17,11,5,B
18,8,11,A
5,9,42,B
13,4,99,B
19,9,91,A
13,9,41,B
18,7,19,A
14,8,48,B
4,3,53,B
4,5,55,B
20,3,61,A
20,7,32,A
19,6,46,A
13,11,92,C
12,3,36,B
7,9,18,B
25,12,74,B
12,1,96,B
21,10,18,B
4,3,12,B
27,11,72,B
2,10,97,C
2,11,46,C
5,7,55,B
23,3,38,A
10,14,78,C
10,3,2,A
9,2,9,B
13,9,5,B
7,11,98,C
5,4,19,B
26,10,71,B
10,13,39,C
10,6,42,B
6,2,17,B
27,9,63,A
28,7,90,A
19,10,46,B
21,5,91,A
8,7,92,B
1,14,20,C
28,4,70,A
17,13,8,B
7,10,96,C
14,13,19,C
21,7,32,A
21,2,19,A
17,7,24,A
9,4,24,B
17,4,56,A
5,1,81,B
26,12,18,B
25,3,12,A
20,5,41,A
29,5,87,A
8,2,48,B
6,4,82,B
11,1,64,B
19,9,16,A
4,1,80,B
18,6,23,A
1,7,86,B
13,3,39,B
14,12,33,C
24,1,24,A
1,7,61,B
29,3,55,A
11,13,61,C
17,10,84,B
4,12,97,C
26,12,95,B
12,6,40,B
10,13,58,C
6,12,72,C
25,14,74,B
1,6,1,A
7,14,85,C
26,12,25,B
27,4,96,A
21,12,53,B
28,11,61,B
16,6,46,A
24,11,74,B
14,10,60,C
23,4,51,A
20,13,73,B
20,8,84,A
6,9,48,B
22,2,84,A
25,7,40,A
28,9,7,A
5,9,75,B
24,12,85,B
21,5,19,A
18,1,15,A
15,6,70,A
6,8,61,B
25,1,56,A
29,2,10,A
19,13,46,B
1,13,80,C
1,1,75,B
13,5,57,B
3,2,35,B
10,10,72,C
21,10,92,B
3,14,3,C
9,4,66,B
8,1,53,B
3,7,78,B
25,8,52,A
13,5,93,B
6,2,53,B
13,8,54,B
23,1,47,A
20,7,3,A
20,1,65,A
12,12,15,C
13,6,84,B
2,13,86,C
21,6,34,A
24,5,50,A
23,2,33,A
16,2,73,A
23,9,3,A
6,5,2,A
19,5,4,A
21,7,16,A
13,6,54,B
17,2,33,A
23,11,9,B
9,1,57,B
17,5,40,A
29,4,52,A
2,12,82,C
19,3,16,A
19,2,8,A
24,10,87,B
7,2,60,B
22,14,36,B
10,4,3,A
10,2,15,B
27,4,97,A
20,3,82,A
9,9,23,B
17,7,3,A
27,14,30,B
15,13,45,B
2,11,17,C
4,12,58,C
19,3,58,A
17,13,96,B
5,14,57,C
7,8,7,B
18,9,39,A
21,13,78,B
22,7,58,A
27,6,56,A
7,4,15,B
17,5,44,A
7,8,12,B
4,3,8,B
8,2,80,B
13,3,41,B
4,12,34,C
6,7,46,B
25,8,88,A
5,1,29,B
12,13,16,C
4,7,5,B
24,9,5,A
29,12,30,B
9,13,50,C
4,14,5,C
19,14,13,B
24,3,99,A
14,3,49,B
5,8,89,B
18,4,50,A
10,14,14,C
25,8,46,A
19,5,90,A
12,14,82,C
18,3,84,A
17,4,34,A
24,14,71,B
11,4,47,B
3,8,60,B
23,6,74,A
17,7,79,A
1,9,81,B
15,6,11,A
28,3,98,A
9,13,91,C
15,3,85,A
28,11,95,B
24,3,50,A
28,12,4,C
29,10,41,B
3,2,59,B
22,1,60,A
27,11,81,B
19,10,62,B
13,1,84,B
12,4,25,B
20,3,87,A
1,5,79,B
21,12,33,B
17,9,19,A
13,12,57,C
1,13,15,C
10,8,41,B
15,12,69,B
27,9,80,A
27,13,60,B
7,5,96,B
28,8,22,A
22,4,43,A
18,5,32,A
16,12,13,B
14,3,38,B
27,5,26,A
28,12,81,B
18,3,5,A
27,5,49,A
7,11,97,C
17,14,91,B
29,5,5,A
18,6,71,A
12,9,48,B
8,1,18,B
22,12,95,B
2,10,6,C
7,14,66,C
4,6,77,B
18,1,42,A
28,6,52,A
6,2,11,B
27,8,26,A
9,11,21,C
27,3,66,A
9,10,40,C
14,14,56,C
8,6,51,B
19,6,20,A
3,4,81,B
18,5,80,A
5,2,57,B
14,10,5,C
28,10,14,B
4,8,24,B
7,10,68,C
20,7,52,A
25,10,48,B
28,6,88,A
12,7,47,B
2,12,60,C
11,1,73,B
14,14,3,C
22,14,9,B
23,5,82,A
16,7,83,A
20,1,24,A
29,2,4,A
6,9,9,B
23,12,97,B
4,3,1,A
15,6,35,A
24,7,74,A
25,9,12,A
1,5,18,B
7,4,78,B
25,11,10,B
12,12,74,C
10,2,18,B
5,3,24,B
12,5,1,A
18,11,94,B
10,13,79,C
6,2,72,B
28,13,99,B
12,4,82,B
7,1,16,B
18,4,85,A
2,7,15,B
10,14,62,C
15,12,5,B
12,3,45,B
26,10,52,B
17,8,71,A
4,6,7,B
7,6,27,B
9,14,89,C
19,1,86,A
28,5,13,A
27,3,17,A
23,10,44,B
7,1,13,B
23,8,90,A
2,7,73,B
6,7,5,B
18,12,33,B
6,10,4,C
13,14,92,C
26,10,26,B
19,10,68,B
2,4,16,B
12,13,22,C
15,11,36,B
14,6,58,B
6,13,55,C
18,9,35,A
5,14,25,C
18,3,72,A
3,9,81,B
3,4,61,B
22,5,18,A
22,7,58,A
10,6,76,B
19,10,57,B
3,8,97,B
29,8,87,A
12,8,63,B
29,3,12,A
16,14,11,B
17,10,13,B
7,6,35,B
13,7,27,B
24,9,89,A
2,10,67,C
4,10,89,C
10,14,45,C
7,12,74,C
24,4,81,A
17,5,67,A
20,8,22,A
6,1,78,B
19,12,91,B
5,6,42,B
10,4,20,B
9,5,48,B
27,11,18,B
13,5,77,B
19,2,70,A
21,8,74,A
24,2,93,A
6,4,6,B
4,12,39,C
24,13,11,B
27,5,25,A
3,14,94,C
3,1,55,B
4,6,84,B
25,2,58,A
5,14,37,C
8,5,16,B
16,6,95,A
22,11,93,B
3,8,70,B
24,9,93,A
12,13,96,C
25,12,73,B
8,6,37,B
13,5,53,B
4,12,87,C
14,4,16,B
14,2,18,B
13,2,19,B
27,7,44,A
6,5,2,A
17,7,58,A
4,13,10,C
8,11,76,C
17,1,46,A
3,1,82,B
17,5,19,A
9,2,38,B
2,8,37,B
25,14,91,B
13,3,78,B
20,1,45,A
2,13,34,C
20,2,2,A
28,10,44,B
11,10,97,C
27,7,83,A
26,6,27,A
22,12,48,B
15,8,94,A
11,7,7,B
23,14,27,B
3,10,85,C
3,13,71,C
28,8,89,A
26,3,18,A
12,6,33,B
24,13,33,B
5,7,96,B
20,10,25,B
7,11,14,C
7,1,38,B
13,1,38,B
9,7,4,A
25,13,62,B
21,11,82,B
13,13,10,C
12,3,35,B
13,3,99,B
24,5,23,A
10,11,89,C
1,6,65,B
25,2,82,A
8,3,79,B
22,6,25,A
16,3,96,A
13,14,53,C
3,5,84,B
3,9,17,B
24,12,57,B
5,3,75,B
26,12,77,B
11,11,89,C
7,13,20,C
21,13,25,B
24,6,42,A
10,11,45,C
10,5,31,B
20,5,65,A
2,11,52,C
3,14,80,C
8,14,92,C
11,6,21,B
13,6,30,B
